NK_Codetable,NK_Product,SHORT_NAME
NULL,NULL,NULL
NULL,868C7A17-A3F9-46A0-8362-58F2F055E051,NULL
NULL,B4271664-18E8-483E-9056-6F2320DC1D9E,NULL
NULL,B534934E-1293-4111-9B59-D5E856AA1A4E,NULL
0925301F-A982-41DF-B5CA-301DB650FF9A,2FE88048-63B9-478E-BAA6-2FDDEF10BD1C,ST
0925301F-A982-41DF-B5CA-301DB650FF9A,65EB307F-BA96-4CE7-A7CA-00F7AC799621,ST
0925301F-A982-41DF-B5CA-301DB650FF9A,86593195-8380-4EF4-9972-8EB8721C5D49,ST
0978389A-F8CB-443E-8DE8-0F3FA574A467,91FBE5BB-4C4A-46E5-9254-6144B8309D0B,UL
0978389A-F8CB-443E-8DE8-0F3FA574A467,A94C814A-5E5A-4DA0-881C-AE1655E7A3DF,UL
0C564AFC-D95B-4633-9C2E-98F0643809E7,BC029153-723C-4AA0-B5AA-5BD9A0FB984D,ES
0C564AFC-D95B-4633-9C2E-98F0643809E7,D5CDED0E-8268-4AAC-8CBA-A884F4C6FA74,ES
0F434951-CE69-46D1-A2D9-48CF8A3F30FE,1D247C04-C91D-4DD9-A470-FE1E325C72B4,XN
0F434951-CE69-46D1-A2D9-48CF8A3F30FE,217CA269-9F24-4762-8F98-4D130A6614EB,XN
0F434951-CE69-46D1-A2D9-48CF8A3F30FE,2C46966F-CBEA-4FA3-9122-E21D874C7492,XN
0F434951-CE69-46D1-A2D9-48CF8A3F30FE,44BBAE8D-7615-4CEE-BB3A-8B94765D40BC,XN
0F434951-CE69-46D1-A2D9-48CF8A3F30FE,45582429-4384-4933-8932-B2461B7883B7,XN
0F434951-CE69-46D1-A2D9-48CF8A3F30FE,4558DE6D-3108-48E0-BBBB-8A50194C36E1,XN
0F434951-CE69-46D1-A2D9-48CF8A3F30FE,4C0C4991-AE82-4317-800B-EF80787615AD,XN
0F434951-CE69-46D1-A2D9-48CF8A3F30FE,52D1E053-1432-4771-9723-A0A6B6E5B516,XN
0F434951-CE69-46D1-A2D9-48CF8A3F30FE,657A70EB-95AA-45F4-BB1A-5C0C9410F5D6,XN
0F434951-CE69-46D1-A2D9-48CF8A3F30FE,66B43959-57D8-4212-A066-AC22352E8359,XN
0F434951-CE69-46D1-A2D9-48CF8A3F30FE,6C83A608-6547-45D8-AAD3-56C97398DFAB,XN
0F434951-CE69-46D1-A2D9-48CF8A3F30FE,6FD9D19D-3FD5-4B26-A3CD-F63378EB3E2A,XN
0F434951-CE69-46D1-A2D9-48CF8A3F30FE,785312D2-11F3-4CDB-BFE3-1CDE40C0766A,XN
0F434951-CE69-46D1-A2D9-48CF8A3F30FE,87D3A29A-D889-417D-BB73-70D1E2278317,XN
0F434951-CE69-46D1-A2D9-48CF8A3F30FE,B9CC8DF7-0458-446B-8833-F99AA8EC65C9,XN
0F434951-CE69-46D1-A2D9-48CF8A3F30FE,D7DDDEC6-DBBD-4EBF-B783-D137F5935380,XN
0F434951-CE69-46D1-A2D9-48CF8A3F30FE,E01DEA0D-E18D-4F0A-A557-69BFC01257E8,XN
0F434951-CE69-46D1-A2D9-48CF8A3F30FE,E11941C0-C85E-49F1-8D96-404E712C6A6F,XN
0F434951-CE69-46D1-A2D9-48CF8A3F30FE,F736E1BF-3777-47AC-82A0-132A01B5AE3C,XN
0F650032-0A19-47D0-B830-F171A58A107D,049F0E4F-A770-401E-B8D3-740EC1650ED3,XE
0F650032-0A19-47D0-B830-F171A58A107D,07421AB3-F610-42C6-8DBC-768D016A7AB8,XE
0F650032-0A19-47D0-B830-F171A58A107D,11E05E33-B926-4BFB-99B3-3F007D86BCB0,XE
0F650032-0A19-47D0-B830-F171A58A107D,21C61128-C21A-4A4C-875A-BA8A363422F9,XE
0F650032-0A19-47D0-B830-F171A58A107D,6587DE0F-5A9B-405E-B614-15CCA62E7BA7,XE
0F650032-0A19-47D0-B830-F171A58A107D,78C19416-1F1B-4533-8B79-B1B9F688628B,XE
0F650032-0A19-47D0-B830-F171A58A107D,8D07616B-D367-4479-8892-DFE6411E7F3C,XE
0F650032-0A19-47D0-B830-F171A58A107D,A4BA85E0-882B-4F5A-BB83-400C98636D37,XE
0F650032-0A19-47D0-B830-F171A58A107D,E507882A-4447-49CB-8D7E-B7F2C7625308,XE
0F650032-0A19-47D0-B830-F171A58A107D,E72A084B-28CE-44AD-8401-CA800E9AE541,XE
0F650032-0A19-47D0-B830-F171A58A107D,E9FD5158-01F1-4FF3-A5E5-4A26A16B30FD,XE
0F650032-0A19-47D0-B830-F171A58A107D,FF2E1D0B-8F89-482B-8822-2A3B32443024,XE
17B36FE2-6EE2-42AC-BF08-3FE15EB4FA1E,023FC57A-408F-4E0C-805D-EB9C19BD374D,AL
17B36FE2-6EE2-42AC-BF08-3FE15EB4FA1E,0F09FAAF-FE58-4A55-8F20-3C612C102AD9,AL
17B36FE2-6EE2-42AC-BF08-3FE15EB4FA1E,19C981FB-3DC6-4AEF-9FFE-AFBCDEECF28D,AL
17B36FE2-6EE2-42AC-BF08-3FE15EB4FA1E,2076E9E5-8313-490B-8C9C-B029F150286C,AL
17B36FE2-6EE2-42AC-BF08-3FE15EB4FA1E,2B72AEC1-FE3B-44AA-87CE-6499A562BA79,AL
17B36FE2-6EE2-42AC-BF08-3FE15EB4FA1E,32D09609-6FC1-46A9-AF60-E2C7CFEF824A,AL
17B36FE2-6EE2-42AC-BF08-3FE15EB4FA1E,35FC8D7C-D06B-4718-B7DC-B62D0EDF0B8D,AL
17B36FE2-6EE2-42AC-BF08-3FE15EB4FA1E,38BECDE1-3C8A-409C-8B8C-53EDD4EF957B,AL
17B36FE2-6EE2-42AC-BF08-3FE15EB4FA1E,498AE4BA-D032-45D3-87A8-0FE12996840A,AL
17B36FE2-6EE2-42AC-BF08-3FE15EB4FA1E,4BF38984-DA06-4527-8BB7-5FB53C20B8B3,AL
17B36FE2-6EE2-42AC-BF08-3FE15EB4FA1E,4DFA1108-46AD-42C8-A761-F6244FDE9991,AL
17B36FE2-6EE2-42AC-BF08-3FE15EB4FA1E,50B314C8-2A50-4E8D-AE87-20E860576361,AL
17B36FE2-6EE2-42AC-BF08-3FE15EB4FA1E,514F6D1C-9BA2-4FC3-BE25-B3DD322ED5E1,AL
17B36FE2-6EE2-42AC-BF08-3FE15EB4FA1E,54FAB045-7C19-4734-BCF8-70CE7180E3D4,AL
17B36FE2-6EE2-42AC-BF08-3FE15EB4FA1E,56920A32-E2D3-4A01-A438-FF73851670AE,AL
17B36FE2-6EE2-42AC-BF08-3FE15EB4FA1E,61471B21-F252-4F29-9BBD-3616AF062E86,AL
17B36FE2-6EE2-42AC-BF08-3FE15EB4FA1E,63B87B0E-0339-4B32-8890-B8C5B244B467,AL
17B36FE2-6EE2-42AC-BF08-3FE15EB4FA1E,6645F84B-9240-491D-8630-F00BB9EB3290,AL
17B36FE2-6EE2-42AC-BF08-3FE15EB4FA1E,6ED4B558-8B45-499D-B522-1A04C528AE61,AL
17B36FE2-6EE2-42AC-BF08-3FE15EB4FA1E,74D50950-C313-4858-9D92-E288726F81F0,AL
17B36FE2-6EE2-42AC-BF08-3FE15EB4FA1E,7DAC9C13-1F9C-4EB6-A39D-5BE4ACEB6716,AL
17B36FE2-6EE2-42AC-BF08-3FE15EB4FA1E,7DB7A472-AD4B-49D5-B076-61DF48DD0BB3,AL
17B36FE2-6EE2-42AC-BF08-3FE15EB4FA1E,82F5DAD8-9796-4B7D-A040-7E36691F2CC7,AL
17B36FE2-6EE2-42AC-BF08-3FE15EB4FA1E,859D9639-C8B5-4579-B583-602F591E864E,AL
17B36FE2-6EE2-42AC-BF08-3FE15EB4FA1E,938899F3-91C4-400C-A26C-5612D60DFA3F,AL
17B36FE2-6EE2-42AC-BF08-3FE15EB4FA1E,951A675B-E9C7-48F6-AB26-BFACB997C19B,AL
17B36FE2-6EE2-42AC-BF08-3FE15EB4FA1E,9D3C49C5-7F39-409E-8BE2-5996AAC1D242,AL
17B36FE2-6EE2-42AC-BF08-3FE15EB4FA1E,9E861B55-73B4-4606-88B0-D62B22AD599D,AL
17B36FE2-6EE2-42AC-BF08-3FE15EB4FA1E,A4936042-F857-4E83-9DBD-F0783B28BD28,AL
17B36FE2-6EE2-42AC-BF08-3FE15EB4FA1E,A51533DE-4C21-4E5A-9231-D72635E0648A,AL
17B36FE2-6EE2-42AC-BF08-3FE15EB4FA1E,A5729F18-CADE-43A4-9BF2-C5F1EAF7776B,AL
17B36FE2-6EE2-42AC-BF08-3FE15EB4FA1E,A7C93272-EB62-4B77-A90A-7EF0ECC5457B,AL
17B36FE2-6EE2-42AC-BF08-3FE15EB4FA1E,A89BA7E9-4A59-4C45-9F31-34A3C7DF57B0,AL
17B36FE2-6EE2-42AC-BF08-3FE15EB4FA1E,B14E1893-A573-4050-91E7-82C08D785520,AL
17B36FE2-6EE2-42AC-BF08-3FE15EB4FA1E,B2BBD0DF-0899-4A8B-AF1C-9536365A9B34,AL
17B36FE2-6EE2-42AC-BF08-3FE15EB4FA1E,B9E2BFAC-4FC9-45BC-B01E-9AA19C78BCA8,AL
17B36FE2-6EE2-42AC-BF08-3FE15EB4FA1E,BFC454F3-A1FD-479E-8212-F290BFB12183,AL
17B36FE2-6EE2-42AC-BF08-3FE15EB4FA1E,C0BF357B-4100-4191-9EA3-7F4A351C5FB2,AL
17B36FE2-6EE2-42AC-BF08-3FE15EB4FA1E,C670AA0E-D0A0-4C95-A177-016F68CA8126,AL
17B36FE2-6EE2-42AC-BF08-3FE15EB4FA1E,C8F8513D-FCCC-4F03-A574-63E140ECCAFD,AL
17B36FE2-6EE2-42AC-BF08-3FE15EB4FA1E,D176FAF9-81B4-4757-8B9B-50F224332A76,AL
17B36FE2-6EE2-42AC-BF08-3FE15EB4FA1E,D520EF81-431B-4592-AABE-E58FD1EDD987,AL
17B36FE2-6EE2-42AC-BF08-3FE15EB4FA1E,D67BCDC8-F321-45B9-A5C9-BC5968E5A579,AL
17B36FE2-6EE2-42AC-BF08-3FE15EB4FA1E,D9AA7097-F5B9-4008-8A99-83FD8538A6A8,AL
17B36FE2-6EE2-42AC-BF08-3FE15EB4FA1E,E2D177C6-F649-42F5-B0BE-C31EBDE3A2F4,AL
17B36FE2-6EE2-42AC-BF08-3FE15EB4FA1E,E3B2E99D-85FA-4379-BAAE-9527C93325F9,AL
17B36FE2-6EE2-42AC-BF08-3FE15EB4FA1E,E4E3699C-AA17-41E4-84A8-C0EC151DAF62,AL
17B36FE2-6EE2-42AC-BF08-3FE15EB4FA1E,EA0FF9CD-073E-4800-B6AD-DB439C2D264C,AL
1C23B96F-5095-4E78-9563-4706AC81E60A,3A2EAA6B-6038-433C-B6AB-2556E4232933,GW
1D5B046B-2BD4-438A-8309-79DBD0E88D5A,0D2B194C-72EB-4181-B7EA-E1D2B7523F11,WS
1E3D48BE-FFCC-48FB-BBBC-5048EAA02D05,01D5F1BA-6E12-4177-A06E-8371C94B95D3,SL
1E3D48BE-FFCC-48FB-BBBC-5048EAA02D05,023DE78F-8641-4725-921D-F132BB9608A4,SL
1E3D48BE-FFCC-48FB-BBBC-5048EAA02D05,06174428-FB44-4852-A484-F78D4D38F7F8,SL
1E3D48BE-FFCC-48FB-BBBC-5048EAA02D05,08353B23-23DB-4433-A9EB-B17A193BDC1F,SL
1E3D48BE-FFCC-48FB-BBBC-5048EAA02D05,083A5232-F56A-4734-AE8C-43F9BD769139,SL
1E3D48BE-FFCC-48FB-BBBC-5048EAA02D05,086AE789-E56A-48F4-9D36-390A768AF93F,SL
1E3D48BE-FFCC-48FB-BBBC-5048EAA02D05,123259B9-93EF-49C3-8F36-2DFAFF7F5F66,SL
1E3D48BE-FFCC-48FB-BBBC-5048EAA02D05,12D35973-311E-48EA-BBAB-B1A5EC0C1FA4,SL
1E3D48BE-FFCC-48FB-BBBC-5048EAA02D05,14370F2A-7AE0-421D-B56D-004D67FAF03B,SL
1E3D48BE-FFCC-48FB-BBBC-5048EAA02D05,16AEB9F0-571E-45FF-82C4-619D88727204,SL
1E3D48BE-FFCC-48FB-BBBC-5048EAA02D05,175AA24C-671C-46C2-B5A7-B9B67E1EE48D,SL
1E3D48BE-FFCC-48FB-BBBC-5048EAA02D05,18DFFC1C-8413-4CCB-A586-1F7C28193CA4,SL
1E3D48BE-FFCC-48FB-BBBC-5048EAA02D05,194D7B96-375C-46FE-B29D-CBDB1C103132,SL
1E3D48BE-FFCC-48FB-BBBC-5048EAA02D05,1A421BAF-17E4-4386-A661-4679A4D59DC6,SL
1E3D48BE-FFCC-48FB-BBBC-5048EAA02D05,1B0A500F-2368-451D-B2FF-22587B56B4BE,SL
1E3D48BE-FFCC-48FB-BBBC-5048EAA02D05,1C75021B-E29C-4B59-A1AE-F2698DBF21B5,SL
1E3D48BE-FFCC-48FB-BBBC-5048EAA02D05,1F3711E1-5D10-43B2-BABA-A3FE391B53EA,SL
1E3D48BE-FFCC-48FB-BBBC-5048EAA02D05,20AA2292-AAB8-4463-87B8-643499CC2D06,SL
1E3D48BE-FFCC-48FB-BBBC-5048EAA02D05,21FEDC62-A6AD-4C54-BC09-E6541DDA56E2,SL
1E3D48BE-FFCC-48FB-BBBC-5048EAA02D05,22744D79-D665-4864-A40B-4097AB48BDFF,SL
1E3D48BE-FFCC-48FB-BBBC-5048EAA02D05,2340FB60-76F5-4C41-8E58-B3A77F90D4C7,SL
1E3D48BE-FFCC-48FB-BBBC-5048EAA02D05,2A5BDD33-B856-4992-8ACC-50A91E668653,SL
1E3D48BE-FFCC-48FB-BBBC-5048EAA02D05,2A7FA096-6AD4-48B0-9FE6-66F0FA6BCFFA,SL
1E3D48BE-FFCC-48FB-BBBC-5048EAA02D05,2A8B97E2-AD7D-4902-8A9D-756DCCF24043,SL
1E3D48BE-FFCC-48FB-BBBC-5048EAA02D05,2D057992-A6BA-4667-A113-B1262E4DFF04,SL
1E3D48BE-FFCC-48FB-BBBC-5048EAA02D05,2F4717E1-D8B2-4348-A884-1EE28917B573,SL
1E3D48BE-FFCC-48FB-BBBC-5048EAA02D05,318182F1-33BA-4532-88B3-1A1E9F4654A4,SL
1E3D48BE-FFCC-48FB-BBBC-5048EAA02D05,33B97941-A41D-4419-87A7-1294011F2114,SL
1E3D48BE-FFCC-48FB-BBBC-5048EAA02D05,346072B1-54CC-4D32-B104-92063CA91EE4,SL
1E3D48BE-FFCC-48FB-BBBC-5048EAA02D05,39185B29-FF74-44E3-89B2-A4650F5CC554,SL
1E3D48BE-FFCC-48FB-BBBC-5048EAA02D05,3AF79922-2B7D-4F3A-A1BB-19E844FC834C,SL
1E3D48BE-FFCC-48FB-BBBC-5048EAA02D05,3C15E1E8-DF3F-42AA-9356-64E1F49F7C0B,SL
1E3D48BE-FFCC-48FB-BBBC-5048EAA02D05,3E2A38B7-5921-4DFE-AD3C-1BD759D048BC,SL
1E3D48BE-FFCC-48FB-BBBC-5048EAA02D05,4049E253-FC2D-45AA-9D1D-D402D633E89A,SL
1E3D48BE-FFCC-48FB-BBBC-5048EAA02D05,40B0C357-7A34-468A-B279-18F51D30DD11,SL
1E3D48BE-FFCC-48FB-BBBC-5048EAA02D05,413B51DA-7A50-40F6-AFB6-E9CA519A83E3,SL
1E3D48BE-FFCC-48FB-BBBC-5048EAA02D05,41E2602C-5ADC-48BC-B119-10BC51C884DF,SL
1E3D48BE-FFCC-48FB-BBBC-5048EAA02D05,423978B6-4388-4A7E-AA47-8AB7E55E8A95,SL
1E3D48BE-FFCC-48FB-BBBC-5048EAA02D05,46002737-F9C7-45B3-8EE4-C632DF96BFE8,SL
1E3D48BE-FFCC-48FB-BBBC-5048EAA02D05,46F45D33-BEA2-4361-BF45-2FFDEF7B770E,SL
1E3D48BE-FFCC-48FB-BBBC-5048EAA02D05,4BABC787-2871-49DF-9A85-7F7D143A7437,SL
1E3D48BE-FFCC-48FB-BBBC-5048EAA02D05,4E146607-BAD4-40F3-8784-9D29C4A0D736,SL
1E3D48BE-FFCC-48FB-BBBC-5048EAA02D05,4E6B37DC-8B91-425E-8643-61F6C49FDEF6,SL
1E3D48BE-FFCC-48FB-BBBC-5048EAA02D05,4FC427FF-55F3-4CB3-9E6E-F858A133A62A,SL
1E3D48BE-FFCC-48FB-BBBC-5048EAA02D05,513B56C2-7FDE-46D1-9ED6-2FD116F44DE8,SL
1E3D48BE-FFCC-48FB-BBBC-5048EAA02D05,544ABE2D-8FF7-42C2-A2D8-B69F75301333,SL
1E3D48BE-FFCC-48FB-BBBC-5048EAA02D05,551E194B-6E42-430D-B5D0-6380C0CDC67B,SL
1E3D48BE-FFCC-48FB-BBBC-5048EAA02D05,568021B9-79F4-4219-A5AF-75E35F49BC00,SL
1E3D48BE-FFCC-48FB-BBBC-5048EAA02D05,5B044D80-C427-481A-B523-0406C74B0B66,SL
1E3D48BE-FFCC-48FB-BBBC-5048EAA02D05,5CA2960D-5D7D-456F-BCD7-DA5FD8F85BF2,SL
1E3D48BE-FFCC-48FB-BBBC-5048EAA02D05,5CECF71F-3F5E-4A03-ADF8-6C0506B3C961,SL
1E3D48BE-FFCC-48FB-BBBC-5048EAA02D05,5E40F1D3-5D1D-4FD8-9A04-D47137C637F8,SL
1E3D48BE-FFCC-48FB-BBBC-5048EAA02D05,62E1502C-394E-4AE2-BB7F-25CFA6AC95A9,SL
1E3D48BE-FFCC-48FB-BBBC-5048EAA02D05,63D70F81-32CF-465E-8D0B-23214F766CE3,SL
1E3D48BE-FFCC-48FB-BBBC-5048EAA02D05,64750B8A-558F-4392-AA1E-48325F366B4A,SL
1E3D48BE-FFCC-48FB-BBBC-5048EAA02D05,690D1EEA-4057-45AD-9E4D-3E9955DCA8B3,SL
1E3D48BE-FFCC-48FB-BBBC-5048EAA02D05,6B674813-EA70-4F84-BDD2-4B30DC83160F,SL
1E3D48BE-FFCC-48FB-BBBC-5048EAA02D05,6C10B098-86D9-4F71-860D-FA15B4C8C72F,SL
1E3D48BE-FFCC-48FB-BBBC-5048EAA02D05,6CE4BA2C-FA86-40E4-8F7A-8394CADF4B14,SL
1E3D48BE-FFCC-48FB-BBBC-5048EAA02D05,6DE77D6E-90E0-4B64-AEA1-4C67ABECE1CA,SL
1E3D48BE-FFCC-48FB-BBBC-5048EAA02D05,70AF745A-F1E2-4D65-8323-F19D2420A5B8,SL
1E3D48BE-FFCC-48FB-BBBC-5048EAA02D05,70B7810E-C061-4282-BD56-E131CCABCC85,SL
1E3D48BE-FFCC-48FB-BBBC-5048EAA02D05,71426C43-130D-4CFB-A5A6-D8350F96EDFE,SL
1E3D48BE-FFCC-48FB-BBBC-5048EAA02D05,719D17C2-853E-48AB-91AC-401FF1584ED6,SL
1E3D48BE-FFCC-48FB-BBBC-5048EAA02D05,7294B341-A2DA-4384-A94F-FC78846E495C,SL
1E3D48BE-FFCC-48FB-BBBC-5048EAA02D05,7314DBC2-C510-49BA-B740-F5A87D24E684,SL
1E3D48BE-FFCC-48FB-BBBC-5048EAA02D05,740DEE9E-6C19-4FBD-9BBB-0DAFDE2090CB,SL
1E3D48BE-FFCC-48FB-BBBC-5048EAA02D05,78C0D55A-7993-49C1-BDDA-89538F3497AC,SL
1E3D48BE-FFCC-48FB-BBBC-5048EAA02D05,78F24480-4F99-440C-B30C-79EB3FFA28F1,SL
1E3D48BE-FFCC-48FB-BBBC-5048EAA02D05,7AF60ED5-3596-461D-921F-4F5D329E0FDF,SL
1E3D48BE-FFCC-48FB-BBBC-5048EAA02D05,7F8154D7-D807-4B8A-8C3D-7009640F9E4E,SL
1E3D48BE-FFCC-48FB-BBBC-5048EAA02D05,7FBBA5EE-CCEF-4EA3-A74B-510540862FBA,SL
1E3D48BE-FFCC-48FB-BBBC-5048EAA02D05,7FFB0EFA-2DB9-48B3-AA25-2E02AC3FD2D8,SL
1E3D48BE-FFCC-48FB-BBBC-5048EAA02D05,81A31CC5-B125-4A40-87D7-E4C2296B91E3,SL
1E3D48BE-FFCC-48FB-BBBC-5048EAA02D05,820738A5-3222-484F-BB8E-7BF07291B1CB,SL
1E3D48BE-FFCC-48FB-BBBC-5048EAA02D05,84B01161-1BCB-4A51-BECB-5ECAB7BE9E32,SL
1E3D48BE-FFCC-48FB-BBBC-5048EAA02D05,897C9F3D-4771-4CE8-B100-9B00D4CA6AE0,SL
1E3D48BE-FFCC-48FB-BBBC-5048EAA02D05,8C2C1F6C-D76B-444A-9C7A-D5017F1DFC4C,SL
1E3D48BE-FFCC-48FB-BBBC-5048EAA02D05,8DA92335-9420-4728-9CD2-ABCD0D796B3D,SL
1E3D48BE-FFCC-48FB-BBBC-5048EAA02D05,9027A21E-7611-487C-BAFD-81826ADB16A2,SL
1E3D48BE-FFCC-48FB-BBBC-5048EAA02D05,917324C8-27F9-4FC7-BC05-2517EF14564C,SL
1E3D48BE-FFCC-48FB-BBBC-5048EAA02D05,948F5994-34AB-47BA-8E18-7AD19A65C6B3,SL
1E3D48BE-FFCC-48FB-BBBC-5048EAA02D05,9642BF8C-03E3-4612-B0E1-A86543517E60,SL
1E3D48BE-FFCC-48FB-BBBC-5048EAA02D05,98A282E1-CC55-439D-9FFA-A26BF74E9FDC,SL
1E3D48BE-FFCC-48FB-BBBC-5048EAA02D05,991CCDBE-368E-406A-B2D2-88CB5E6FBDF6,SL
1E3D48BE-FFCC-48FB-BBBC-5048EAA02D05,999BB8CE-48A9-4E28-AC35-649F4A7632B1,SL
1E3D48BE-FFCC-48FB-BBBC-5048EAA02D05,99DA7105-778E-443A-8D35-3126E4754478,SL
1E3D48BE-FFCC-48FB-BBBC-5048EAA02D05,9DBDA93F-CEB4-4BD5-BB23-61AA653FE9C9,SL
1E3D48BE-FFCC-48FB-BBBC-5048EAA02D05,A2921C09-C008-4B30-8177-A2BA1C6F7733,SL
1E3D48BE-FFCC-48FB-BBBC-5048EAA02D05,AB711EF7-8605-4DE8-9964-23CEF288CD2D,SL
1E3D48BE-FFCC-48FB-BBBC-5048EAA02D05,AD073F6E-D5AE-43AE-BE3A-93A5D77DD050,SL
1E3D48BE-FFCC-48FB-BBBC-5048EAA02D05,B2510ADB-9679-4F95-A314-DC459012EA60,SL
1E3D48BE-FFCC-48FB-BBBC-5048EAA02D05,B4BA0E5C-0A0D-44CC-9C4E-810948D91D43,SL
1E3D48BE-FFCC-48FB-BBBC-5048EAA02D05,B592E752-6862-4DB8-9AF9-757EEEB1805C,SL
1E3D48BE-FFCC-48FB-BBBC-5048EAA02D05,B66EA2BF-AA6C-4F02-9185-61111495BB4A,SL
1E3D48BE-FFCC-48FB-BBBC-5048EAA02D05,B6728413-C60A-485B-B8AD-7A527087E15F,SL
1E3D48BE-FFCC-48FB-BBBC-5048EAA02D05,B7964C77-8BBB-40CF-AF63-EDB885E93D82,SL
1E3D48BE-FFCC-48FB-BBBC-5048EAA02D05,B8D402F4-F938-4EDC-B30E-E52B42516C91,SL
1E3D48BE-FFCC-48FB-BBBC-5048EAA02D05,BA5EF4C8-023D-4ECE-9507-487FF1D8D4DE,SL
1E3D48BE-FFCC-48FB-BBBC-5048EAA02D05,BB48937A-A97F-448C-8125-DB34C7225058,SL
1E3D48BE-FFCC-48FB-BBBC-5048EAA02D05,BCE08502-DAD4-4428-9CE4-4A74680BABC9,SL
1E3D48BE-FFCC-48FB-BBBC-5048EAA02D05,C10BDEA3-50CE-476C-9165-42BD8842FBC3,SL
1E3D48BE-FFCC-48FB-BBBC-5048EAA02D05,C3092CFB-685D-48C8-ABB3-7B3978B1694B,SL
1E3D48BE-FFCC-48FB-BBBC-5048EAA02D05,C715DBA4-EEB3-4759-BF34-64E863E09C4B,SL
1E3D48BE-FFCC-48FB-BBBC-5048EAA02D05,C959016C-B3C4-4D1E-92F3-1B43B1CA3ED6,SL
1E3D48BE-FFCC-48FB-BBBC-5048EAA02D05,D0743782-A6FB-4F61-897D-74758D94E779,SL
1E3D48BE-FFCC-48FB-BBBC-5048EAA02D05,D07956E6-0028-42C0-9F81-AFBC96465BBA,SL
1E3D48BE-FFCC-48FB-BBBC-5048EAA02D05,D3C80201-54F2-41B5-BBEE-7FC61D57DA56,SL
1E3D48BE-FFCC-48FB-BBBC-5048EAA02D05,D5D70625-E43F-44FC-930E-84CF3218768D,SL
1E3D48BE-FFCC-48FB-BBBC-5048EAA02D05,D67D40BD-8AB6-4342-AFD4-F2A6E9424B11,SL
1E3D48BE-FFCC-48FB-BBBC-5048EAA02D05,DADAE700-383A-4062-9855-57581BF141CD,SL
1E3D48BE-FFCC-48FB-BBBC-5048EAA02D05,DE96C3F9-B32F-4C7D-991E-E634A7A48511,SL
1E3D48BE-FFCC-48FB-BBBC-5048EAA02D05,E2D177C6-F649-42F5-B0BE-C31EBDE3A2F4,SL
1E3D48BE-FFCC-48FB-BBBC-5048EAA02D05,E60A95C1-6735-4E58-8401-75F0240EE4DE,SL
1E3D48BE-FFCC-48FB-BBBC-5048EAA02D05,E61DF369-78F7-40C8-8383-FA5D5253C3A0,SL
1E3D48BE-FFCC-48FB-BBBC-5048EAA02D05,E9360EF6-CF33-44E4-9C90-8E435F31771A,SL
1E3D48BE-FFCC-48FB-BBBC-5048EAA02D05,EBBCDDFC-C4A8-43DB-84C5-3B5A31957C9D,SL
1E3D48BE-FFCC-48FB-BBBC-5048EAA02D05,EDF90661-F78E-4CA0-ADE5-D8C0C1F08A4F,SL
1E3D48BE-FFCC-48FB-BBBC-5048EAA02D05,EEB4CF18-9C56-465F-8D44-B6A13F70BF13,SL
1E3D48BE-FFCC-48FB-BBBC-5048EAA02D05,EFA56011-E939-4F35-8A77-87BCBE6CE52F,SL
1E3D48BE-FFCC-48FB-BBBC-5048EAA02D05,F052B412-148D-4ECB-BD43-4CF5A7D19DFA,SL
1E3D48BE-FFCC-48FB-BBBC-5048EAA02D05,F26319A8-D93C-4A0F-B1D9-0A9C93AAD3AE,SL
1E3D48BE-FFCC-48FB-BBBC-5048EAA02D05,F26BED74-DB35-4D1B-9397-AABB63B49799,SL
1E3D48BE-FFCC-48FB-BBBC-5048EAA02D05,F2D6D388-6D2D-4112-B680-0D205D4EAB8F,SL
1E3D48BE-FFCC-48FB-BBBC-5048EAA02D05,F40387E5-97C8-4C60-9507-C3E58D8303DD,SL
1E3D48BE-FFCC-48FB-BBBC-5048EAA02D05,F75DF9E9-37D2-47D6-B718-76A5BF872EC7,SL
1E3D48BE-FFCC-48FB-BBBC-5048EAA02D05,FA8D94CA-645E-4449-9779-5CD261F63D20,SL
1E3D48BE-FFCC-48FB-BBBC-5048EAA02D05,FBDA6077-CFFA-491F-A4F9-9E46F8C36C6D,SL
1E3D48BE-FFCC-48FB-BBBC-5048EAA02D05,FE8B91EC-F5BC-4BFD-A328-148916F8A227,SL
279E90FA-88D9-43AF-9B83-18389AB02D63,50617451-D2D7-4E40-A748-4B81101B4016,DC
279E90FA-88D9-43AF-9B83-18389AB02D63,84831CEE-4353-4270-B3BB-9F645F32CF38,DC
279E90FA-88D9-43AF-9B83-18389AB02D63,CB84292F-2B0A-4AC3-864E-A3A6469B0D15,DC
279E90FA-88D9-43AF-9B83-18389AB02D63,F5BC59D9-2E3F-409B-8627-F0ADBAB356C2,DC
334C3D0A-DAAA-439F-8DA7-1BF358985906,0B073948-3AD7-4EBC-90D7-09D23178AD6E,ME
334C3D0A-DAAA-439F-8DA7-1BF358985906,0D4856E6-4BF5-4714-AB6B-AFDC1EC4680E,ME
334C3D0A-DAAA-439F-8DA7-1BF358985906,10E03CA6-2EA9-4860-8E91-98C5AA7440E0,ME
334C3D0A-DAAA-439F-8DA7-1BF358985906,3D413DE5-87DF-45A6-8DFB-53C8543782F0,ME
334C3D0A-DAAA-439F-8DA7-1BF358985906,41038260-EF36-409B-9A2D-3854AC280BFB,ME
334C3D0A-DAAA-439F-8DA7-1BF358985906,584BB1CF-1BC5-4A35-B80D-0A29FF5784F4,ME
334C3D0A-DAAA-439F-8DA7-1BF358985906,5957A7D8-622C-41D4-902B-3D54085D7453,ME
334C3D0A-DAAA-439F-8DA7-1BF358985906,5B26BE8B-144F-4765-A436-9A2BAE3C395C,ME
334C3D0A-DAAA-439F-8DA7-1BF358985906,B3E3A747-17A2-4984-8F26-5E6119682A52,ME
334C3D0A-DAAA-439F-8DA7-1BF358985906,BB6C1A31-3558-4A38-87CE-CC039EEF2D0D,ME
334C3D0A-DAAA-439F-8DA7-1BF358985906,F5C2F7F7-93A6-4C5F-A47C-378CC8092070,ME
454A8E05-9EEC-4E55-98D4-0C54EA2B2C4E,0D24140B-3E0E-4AD0-9477-5A7EE2D09F52,FS
454A8E05-9EEC-4E55-98D4-0C54EA2B2C4E,14D3EAD0-6381-4206-89B7-0D85B1A02691,FS
454A8E05-9EEC-4E55-98D4-0C54EA2B2C4E,15CE96BF-04F6-4624-AD8C-508E12B92233,FS
454A8E05-9EEC-4E55-98D4-0C54EA2B2C4E,196EA0CB-64DF-4041-B0C0-BA6886761921,FS
454A8E05-9EEC-4E55-98D4-0C54EA2B2C4E,280A1463-BF6F-4BB0-B24A-10463ACCA691,FS
454A8E05-9EEC-4E55-98D4-0C54EA2B2C4E,3D2F2F76-BA54-416E-84D3-3C324BA61F18,FS
454A8E05-9EEC-4E55-98D4-0C54EA2B2C4E,5E3C3432-584D-4AE6-8B79-065E84CF7106,FS
454A8E05-9EEC-4E55-98D4-0C54EA2B2C4E,600BA1B7-5E1F-45D5-B3A9-B0CBE0C6641E,FS
454A8E05-9EEC-4E55-98D4-0C54EA2B2C4E,8A14E137-2370-4315-9FC8-6D1D2EEF0C19,FS
454A8E05-9EEC-4E55-98D4-0C54EA2B2C4E,A6576F9C-2AE5-4A76-8072-C1F588EBD4CD,FS
454A8E05-9EEC-4E55-98D4-0C54EA2B2C4E,AA19609C-6B32-4C19-ADA4-DBE38B49E9E0,FS
454A8E05-9EEC-4E55-98D4-0C54EA2B2C4E,B7E91274-6264-4EB6-879B-7753D0BCB47A,FS
454A8E05-9EEC-4E55-98D4-0C54EA2B2C4E,BC12E7F8-EB10-4024-9C0A-ECF5B4B06A4A,FS
454A8E05-9EEC-4E55-98D4-0C54EA2B2C4E,C1B13D39-1745-4DC2-8349-22575EED5F84,FS
454A8E05-9EEC-4E55-98D4-0C54EA2B2C4E,C1E9AFE2-3297-493D-B161-00BE49633BAD,FS
454A8E05-9EEC-4E55-98D4-0C54EA2B2C4E,C7BA37DB-20AE-4B23-AF56-B6CCF976068A,FS
454A8E05-9EEC-4E55-98D4-0C54EA2B2C4E,DAB4C957-8799-49A4-9641-D30062361C5D,FS
454A8E05-9EEC-4E55-98D4-0C54EA2B2C4E,EFF23FBB-4B45-48EC-83C2-EFE1DE9B27A1,FS
472E3A80-8E61-4FB1-B749-EC8BC978563C,35FC8D7C-D06B-4718-B7DC-B62D0EDF0B8D,AE
472E3A80-8E61-4FB1-B749-EC8BC978563C,655EAE37-32A8-4148-8C39-BC4EBF00876D,AE
472E3A80-8E61-4FB1-B749-EC8BC978563C,6DE5ECC1-9D83-4ABF-9F9C-C5BAAC7B97C3,AE
472E3A80-8E61-4FB1-B749-EC8BC978563C,A85F82E9-BA05-4BCB-B807-AC345D6A7A2E,AE
472E3A80-8E61-4FB1-B749-EC8BC978563C,B28DEF6D-B096-44A2-B43D-C9C89C158629,AE
472E3A80-8E61-4FB1-B749-EC8BC978563C,C64663AC-03A1-473E-A5EF-C77910AECD9A,AE
472E3A80-8E61-4FB1-B749-EC8BC978563C,DB781815-3297-407B-8071-AA17446F4CD7,AE
472E3A80-8E61-4FB1-B749-EC8BC978563C,E2D67EF7-2020-42F2-8172-69D60A7E545B,AE
472E3A80-8E61-4FB1-B749-EC8BC978563C,EB7DDE99-5526-469F-9350-C7A799C77D0F,AE
472E3A80-8E61-4FB1-B749-EC8BC978563C,F3923D17-161D-46F2-AAD7-085DB3E80C68,AE
4B0D8F33-8553-4D7D-A183-E6FC3AB8BBF3,0C028C1C-FC28-42AA-B06D-E636ED2AABFC,GA
4B0D8F33-8553-4D7D-A183-E6FC3AB8BBF3,B244D552-B907-487C-95D3-2F2B7BC781BF,GA
50C90B9D-606A-423B-9069-E4B01FDF9CEF,07065F56-8A04-4E75-9F8F-827F56153D6E,WP
50C90B9D-606A-423B-9069-E4B01FDF9CEF,108064DD-37CF-4D3A-A6E7-DD9039EC0FB3,WP
50C90B9D-606A-423B-9069-E4B01FDF9CEF,1343F2D4-2E4B-4993-9564-26A961A9CEA3,WP
50C90B9D-606A-423B-9069-E4B01FDF9CEF,18EA3188-796D-4CD2-A109-EB30E702C461,WP
50C90B9D-606A-423B-9069-E4B01FDF9CEF,20D71522-02B0-4EA6-9C2C-452D79FF3E86,WP
50C90B9D-606A-423B-9069-E4B01FDF9CEF,23AC25F9-D00A-4E60-91A6-967ECFD90D64,WP
50C90B9D-606A-423B-9069-E4B01FDF9CEF,2A367687-FBC6-445D-A172-05CD3735D90C,WP
50C90B9D-606A-423B-9069-E4B01FDF9CEF,323BA0A6-4AC6-4C03-8C57-1EC83839C704,WP
50C90B9D-606A-423B-9069-E4B01FDF9CEF,4449CF09-D4FA-4908-BB29-84309D18B7E2,WP
50C90B9D-606A-423B-9069-E4B01FDF9CEF,4468176E-A004-49B0-A5B7-DC502D64377E,WP
50C90B9D-606A-423B-9069-E4B01FDF9CEF,4B32694C-ECF4-43A3-9DDC-0CCF561F78CE,WP
50C90B9D-606A-423B-9069-E4B01FDF9CEF,541409BB-9BE4-4119-8C4F-EADCBE46CD4B,WP
50C90B9D-606A-423B-9069-E4B01FDF9CEF,570ADE9D-F50B-403C-BA01-A3C5E6BDD525,WP
50C90B9D-606A-423B-9069-E4B01FDF9CEF,6B69AD14-F947-4931-8A71-ECD34D32FD1A,WP
50C90B9D-606A-423B-9069-E4B01FDF9CEF,79142524-3018-48EA-A90C-115D699C8917,WP
50C90B9D-606A-423B-9069-E4B01FDF9CEF,7A2901D7-884E-4593-8AA1-D8C6086E0BED,WP
50C90B9D-606A-423B-9069-E4B01FDF9CEF,7B14B5BE-21EF-4586-B9A9-A0931F62E1B1,WP
50C90B9D-606A-423B-9069-E4B01FDF9CEF,7CE34E44-611D-4393-B15F-5419D8DF0FE3,WP
50C90B9D-606A-423B-9069-E4B01FDF9CEF,897534C2-863B-457F-9948-4DBE671A358C,WP
50C90B9D-606A-423B-9069-E4B01FDF9CEF,8B34D908-D656-43A7-9602-DA40F8C718A4,WP
50C90B9D-606A-423B-9069-E4B01FDF9CEF,9683BBCA-F058-4D57-B173-3F0DDC08C55A,WP
50C90B9D-606A-423B-9069-E4B01FDF9CEF,994F6379-2703-4883-9E18-C0DDF3B98EB6,WP
50C90B9D-606A-423B-9069-E4B01FDF9CEF,99D1F54E-9E78-4685-8FFA-E3351B00C750,WP
50C90B9D-606A-423B-9069-E4B01FDF9CEF,A335FF55-1EDF-4EFB-8176-64BF6366E79C,WP
50C90B9D-606A-423B-9069-E4B01FDF9CEF,ABFEA1BA-E988-4816-A05B-17D5EFF22D6F,WP
50C90B9D-606A-423B-9069-E4B01FDF9CEF,B7C1892F-109A-4534-A7B1-DCCB30693CB1,WP
50C90B9D-606A-423B-9069-E4B01FDF9CEF,B91C2508-E0DE-45FE-9604-6353DB5C0563,WP
50C90B9D-606A-423B-9069-E4B01FDF9CEF,D45BD2E8-B827-4767-AA99-96E5379D4105,WP
50C90B9D-606A-423B-9069-E4B01FDF9CEF,D4CB0A7D-C18D-47D8-B8F9-F1075F28A0CF,WP
50C90B9D-606A-423B-9069-E4B01FDF9CEF,D5FFF4B1-71D1-4CC5-858E-1685BAF9F194,WP
50C90B9D-606A-423B-9069-E4B01FDF9CEF,D639BEC3-9851-4E86-8F74-CD02A0EC6302,WP
50C90B9D-606A-423B-9069-E4B01FDF9CEF,E23E3747-ACDE-4207-ABEA-6CAC220DF7E1,WP
50C90B9D-606A-423B-9069-E4B01FDF9CEF,EF70BF31-947F-4213-AF70-40539CAF94E6,WP
50C90B9D-606A-423B-9069-E4B01FDF9CEF,FC2B0E8A-B81A-4EF8-8A03-49362EDC894F,WP
5388FA13-7457-45A6-A564-B2E9BBCE1EC7,0131949D-2AA1-48B4-8003-E8A3846A7460,SG
5388FA13-7457-45A6-A564-B2E9BBCE1EC7,03B66B7E-B8B9-4D50-8621-B7B1C8C4CF1F,SG
5388FA13-7457-45A6-A564-B2E9BBCE1EC7,0B94A940-D6EC-4D41-83AB-30A92C61A9D3,SG
5388FA13-7457-45A6-A564-B2E9BBCE1EC7,11AD0C7C-EE8A-4DFF-844D-3B7E43BF4D01,SG
5388FA13-7457-45A6-A564-B2E9BBCE1EC7,2605E3C4-6CAC-4F50-91B2-24AFE71DB3C3,SG
5388FA13-7457-45A6-A564-B2E9BBCE1EC7,2E97AD02-E6A9-4429-AD5C-37C0150BD821,SG
5388FA13-7457-45A6-A564-B2E9BBCE1EC7,356EB539-DB95-4513-AEE3-9C395F15910A,SG
5388FA13-7457-45A6-A564-B2E9BBCE1EC7,3CF8A678-0CBE-40D4-A1F5-570074D2963B,SG
5388FA13-7457-45A6-A564-B2E9BBCE1EC7,53931FFF-3082-4939-BB41-FD2196A63658,SG
5388FA13-7457-45A6-A564-B2E9BBCE1EC7,5A829243-C0AB-403F-8539-51F67E7BDCF6,SG
5388FA13-7457-45A6-A564-B2E9BBCE1EC7,62BE589E-D41C-4554-B7C6-CA51DD7B5218,SG
5388FA13-7457-45A6-A564-B2E9BBCE1EC7,644978EF-4B81-4CE0-A2F0-9E5C06A3BDA1,SG
5388FA13-7457-45A6-A564-B2E9BBCE1EC7,64FA3BFB-7EAE-46A1-AF5D-7570AFE67F6F,SG
5388FA13-7457-45A6-A564-B2E9BBCE1EC7,652BF85E-1F0F-4A80-8148-49311E2A4EA0,SG
5388FA13-7457-45A6-A564-B2E9BBCE1EC7,7612B734-BD5A-449C-95D2-9EEC554A39A7,SG
5388FA13-7457-45A6-A564-B2E9BBCE1EC7,7ACEBEF5-30CD-491A-B653-32042FBB18E9,SG
5388FA13-7457-45A6-A564-B2E9BBCE1EC7,7BF7CC77-0D86-4DF3-9675-C355E8456498,SG
5388FA13-7457-45A6-A564-B2E9BBCE1EC7,856F5EE1-BCE6-4DEC-AEF8-29680CB7AA48,SG
5388FA13-7457-45A6-A564-B2E9BBCE1EC7,8B4DB1F6-E11A-4496-AFC9-0B02BAA69F62,SG
5388FA13-7457-45A6-A564-B2E9BBCE1EC7,A075EED9-2412-49AA-9A05-F0457E689844,SG
5388FA13-7457-45A6-A564-B2E9BBCE1EC7,A6507080-EE1D-461B-BA27-121D10858661,SG
5388FA13-7457-45A6-A564-B2E9BBCE1EC7,B79A5D99-6F95-4AF4-840A-F245D282C255,SG
5388FA13-7457-45A6-A564-B2E9BBCE1EC7,BA004CAE-54B0-4F1D-9058-31915133C305,SG
5388FA13-7457-45A6-A564-B2E9BBCE1EC7,C04B8145-16BA-4A1F-B454-2F70A34146C0,SG
5388FA13-7457-45A6-A564-B2E9BBCE1EC7,D12576A7-CA77-4E6C-BD22-C027015AE6F8,SG
5388FA13-7457-45A6-A564-B2E9BBCE1EC7,D3DE3C2C-A098-496E-931A-3241921912D9,SG
5388FA13-7457-45A6-A564-B2E9BBCE1EC7,F7C44382-6A24-41E1-AAD4-F7FFD71D8754,SG
59650DF9-8DF6-42EC-95D7-24798E1AB0BE,00CAE2E6-762B-492B-B54C-5384776F29EB,EW
59650DF9-8DF6-42EC-95D7-24798E1AB0BE,1996E563-D087-489C-8B41-46FDB9C1F550,EW
59650DF9-8DF6-42EC-95D7-24798E1AB0BE,31C421DA-278D-4C74-9D5E-10062E3609FB,EW
59650DF9-8DF6-42EC-95D7-24798E1AB0BE,34704FBE-690E-469E-8DD5-A26BCFEB923C,EW
59650DF9-8DF6-42EC-95D7-24798E1AB0BE,3559DAFF-6B3A-4C75-A12E-F921BB6A3412,EW
59650DF9-8DF6-42EC-95D7-24798E1AB0BE,4411E34B-EB58-4D3A-845E-17EE2F7110E5,EW
59650DF9-8DF6-42EC-95D7-24798E1AB0BE,462C2BF9-57C5-46CF-B921-5786FA603D25,EW
59650DF9-8DF6-42EC-95D7-24798E1AB0BE,71D4CDC4-BB61-4789-800B-6C5562B660A5,EW
59650DF9-8DF6-42EC-95D7-24798E1AB0BE,74D50950-C313-4858-9D92-E288726F81F0,EW
59650DF9-8DF6-42EC-95D7-24798E1AB0BE,8753D2C4-61AE-4109-9355-B0698FFAB415,EW
59650DF9-8DF6-42EC-95D7-24798E1AB0BE,8E31EF9E-4D5E-4B2C-9417-A01A11B10150,EW
59650DF9-8DF6-42EC-95D7-24798E1AB0BE,98193041-CD63-40A4-AEF2-43E95FB64F89,EW
59650DF9-8DF6-42EC-95D7-24798E1AB0BE,B4EEF3D7-F979-4D5B-9A5D-A1E91130CE28,EW
59650DF9-8DF6-42EC-95D7-24798E1AB0BE,C2CFEEED-145C-440F-B50F-973B0C02CBA6,EW
59650DF9-8DF6-42EC-95D7-24798E1AB0BE,CE655ECC-99D9-447C-89A2-CF08BE55366E,EW
59650DF9-8DF6-42EC-95D7-24798E1AB0BE,D0A8BCF8-3455-47BF-85A8-4B46169CF4F2,EW
59650DF9-8DF6-42EC-95D7-24798E1AB0BE,D370014E-1EA6-4C2A-ADD8-A68F174AB2B8,EW
59650DF9-8DF6-42EC-95D7-24798E1AB0BE,DB0B33E0-4DAA-4729-B21A-B4497C5E11F8,EW
5EE43D83-11A4-4848-9091-5C4C0089559E,0179EC0D-2395-4E0E-9F3D-D40B24A1D003,EC
5EE43D83-11A4-4848-9091-5C4C0089559E,021E3C74-C569-4185-A21D-6E0CE21848B5,EC
5EE43D83-11A4-4848-9091-5C4C0089559E,04CE20D0-B6F1-46D9-979E-FE92552D47B4,EC
5EE43D83-11A4-4848-9091-5C4C0089559E,05E0149E-9537-40C4-B885-2FB572409323,EC
5EE43D83-11A4-4848-9091-5C4C0089559E,087B11C3-5BC4-4ACB-876C-3AAEC6B321C1,EC
5EE43D83-11A4-4848-9091-5C4C0089559E,0AE16714-223B-4341-94E9-3E4C60964B8A,EC
5EE43D83-11A4-4848-9091-5C4C0089559E,0B8A9253-4ACB-4996-B1ED-56A79D893B04,EC
5EE43D83-11A4-4848-9091-5C4C0089559E,0CCA38BC-B0DC-4ECB-9995-682C1C4AEECC,EC
5EE43D83-11A4-4848-9091-5C4C0089559E,0D2AE32A-A877-4690-9766-9FDAF9A9CAF0,EC
5EE43D83-11A4-4848-9091-5C4C0089559E,0D4BBFE4-3403-4F9E-8ECD-1448E5937B2E,EC
5EE43D83-11A4-4848-9091-5C4C0089559E,0E4C7139-8C38-42A8-B9BF-6E39CC71E2F7,EC
5EE43D83-11A4-4848-9091-5C4C0089559E,1102653C-AF46-409C-9AD9-8C23D48EBCAA,EC
5EE43D83-11A4-4848-9091-5C4C0089559E,11A04CD9-C55A-47D1-9A10-789DC3786750,EC
5EE43D83-11A4-4848-9091-5C4C0089559E,14316695-B18B-4B3F-BAB7-0C988C85672D,EC
5EE43D83-11A4-4848-9091-5C4C0089559E,151FA6B1-77D7-44CC-B51F-03738FA0F672,EC
5EE43D83-11A4-4848-9091-5C4C0089559E,169AFE3A-6E86-465A-9767-5B01DEDC61CE,EC
5EE43D83-11A4-4848-9091-5C4C0089559E,17428367-0B5C-47F6-A695-B7581562FA4B,EC
5EE43D83-11A4-4848-9091-5C4C0089559E,186263AC-E5DD-43C7-8637-54D8E68716BE,EC
5EE43D83-11A4-4848-9091-5C4C0089559E,18CA0130-308C-441C-9E72-9C5C71CA5629,EC
5EE43D83-11A4-4848-9091-5C4C0089559E,1B6DAE32-033E-442A-89FA-DD19D227A98B,EC
5EE43D83-11A4-4848-9091-5C4C0089559E,1D16A666-F3ED-44BE-A098-7A15F95B830F,EC
5EE43D83-11A4-4848-9091-5C4C0089559E,1E079B09-9E5E-4301-AD88-BE14D9A778A1,EC
5EE43D83-11A4-4848-9091-5C4C0089559E,2540EA5E-0BEB-41FC-9791-88BDA40AA44E,EC
5EE43D83-11A4-4848-9091-5C4C0089559E,261533ED-6608-4036-96EF-597218EDC11C,EC
5EE43D83-11A4-4848-9091-5C4C0089559E,2919A58F-3AE2-494E-BB46-E96E50068E69,EC
5EE43D83-11A4-4848-9091-5C4C0089559E,29FD0AC8-7C9B-4582-A96E-B69FCC646C06,EC
5EE43D83-11A4-4848-9091-5C4C0089559E,2B8061E2-0A6F-41CC-9D11-70947F721DBF,EC
5EE43D83-11A4-4848-9091-5C4C0089559E,2E0C01AE-563A-4159-9329-612F0D7CBE01,EC
5EE43D83-11A4-4848-9091-5C4C0089559E,3162EEEB-71AB-4B27-9A45-2240A983DFF2,EC
5EE43D83-11A4-4848-9091-5C4C0089559E,3162F2B8-B7B7-4BC9-911E-D4A3F24DFE0C,EC
5EE43D83-11A4-4848-9091-5C4C0089559E,32E9006A-4B12-4D8E-A818-5D98E2FE8B1E,EC
5EE43D83-11A4-4848-9091-5C4C0089559E,34704FBE-690E-469E-8DD5-A26BCFEB923C,EC
5EE43D83-11A4-4848-9091-5C4C0089559E,358843AB-95AD-4724-ADB8-5575AF528BA6,EC
5EE43D83-11A4-4848-9091-5C4C0089559E,35AA16CC-306F-49DD-BDFD-52D7F8A3DFBF,EC
5EE43D83-11A4-4848-9091-5C4C0089559E,366EB4D2-D57F-49F4-A3EA-15534EA0772A,EC
5EE43D83-11A4-4848-9091-5C4C0089559E,37498683-1BE3-4463-A29E-0CC90F8721F5,EC
5EE43D83-11A4-4848-9091-5C4C0089559E,387CC896-7E5F-41A5-B3AC-BE5227DCDBF0,EC
5EE43D83-11A4-4848-9091-5C4C0089559E,3A2EAA6B-6038-433C-B6AB-2556E4232933,EC
5EE43D83-11A4-4848-9091-5C4C0089559E,3A3DEC7A-536C-4400-B022-C883FB051D3B,EC
5EE43D83-11A4-4848-9091-5C4C0089559E,4087F4B3-19D5-4C36-A3D6-E1BFD0ADC95F,EC
5EE43D83-11A4-4848-9091-5C4C0089559E,449F61CF-41AC-4D48-A0EE-B1BA7B001D5A,EC
5EE43D83-11A4-4848-9091-5C4C0089559E,45DE1BF0-E979-4053-93A8-44B5F1B7C5F4,EC
5EE43D83-11A4-4848-9091-5C4C0089559E,472F4B23-0C11-4AB9-87C4-A6097836AF0C,EC
5EE43D83-11A4-4848-9091-5C4C0089559E,47B5CD0F-DB0A-41D1-A43D-C7A8F693065B,EC
5EE43D83-11A4-4848-9091-5C4C0089559E,49566ADC-2CAD-40FF-917D-641D1498DE5F,EC
5EE43D83-11A4-4848-9091-5C4C0089559E,4A95053D-8E35-483C-8FD5-D4787492247F,EC
5EE43D83-11A4-4848-9091-5C4C0089559E,4B859E88-0340-42F0-8DC2-D71FD5B03A66,EC
5EE43D83-11A4-4848-9091-5C4C0089559E,4C7EF26C-BE0E-4C2D-A98D-F7055CFC49F0,EC
5EE43D83-11A4-4848-9091-5C4C0089559E,4FA0D97D-2598-4FF8-A3FC-5A4B44285CC2,EC
5EE43D83-11A4-4848-9091-5C4C0089559E,4FE5B498-BE6B-4878-8728-40C18C290B9B,EC
5EE43D83-11A4-4848-9091-5C4C0089559E,50C1CE9A-D6E2-42D3-B742-6BCBFD837C65,EC
5EE43D83-11A4-4848-9091-5C4C0089559E,50F7E072-576C-4A57-83C3-FA3D6AE09727,EC
5EE43D83-11A4-4848-9091-5C4C0089559E,51BCF100-296A-4D00-A818-832ACC541D79,EC
5EE43D83-11A4-4848-9091-5C4C0089559E,528F0244-34BF-4E4B-A509-2BFE6DA21CA7,EC
5EE43D83-11A4-4848-9091-5C4C0089559E,545BB6D3-D6F9-4170-8CEC-D67399BAA708,EC
5EE43D83-11A4-4848-9091-5C4C0089559E,56F5B048-BC7D-4749-B8E5-253C1ACA0291,EC
5EE43D83-11A4-4848-9091-5C4C0089559E,58176B79-85D2-4D22-BF9F-EA1E288CAEF3,EC
5EE43D83-11A4-4848-9091-5C4C0089559E,5D08DED9-D6C7-4C22-95E4-18312592E72D,EC
5EE43D83-11A4-4848-9091-5C4C0089559E,5F98AA20-5419-43DA-91CF-7B17067DFA34,EC
5EE43D83-11A4-4848-9091-5C4C0089559E,615AC051-CFDD-4708-9CAB-8AE2095D1B7F,EC
5EE43D83-11A4-4848-9091-5C4C0089559E,61BABB3C-9BFE-475A-8BD7-2777EB1422B1,EC
5EE43D83-11A4-4848-9091-5C4C0089559E,620A8198-E013-4064-9A0A-73692755E6E9,EC
5EE43D83-11A4-4848-9091-5C4C0089559E,6267C2BC-DA78-472A-AF3D-7676AF84F74A,EC
5EE43D83-11A4-4848-9091-5C4C0089559E,62838699-3F4C-4786-B08C-60E82EF95892,EC
5EE43D83-11A4-4848-9091-5C4C0089559E,629ED2F7-A52C-490E-96D0-63242296E39C,EC
5EE43D83-11A4-4848-9091-5C4C0089559E,640CB278-4FC5-43A2-8D78-E601582410A0,EC
5EE43D83-11A4-4848-9091-5C4C0089559E,685A53F0-5B09-4CC8-8A04-380CD4F2628F,EC
5EE43D83-11A4-4848-9091-5C4C0089559E,6949F7EF-811A-4109-9B24-538BB22E79E0,EC
5EE43D83-11A4-4848-9091-5C4C0089559E,696A975F-52B8-4E23-BA10-9196CD7AE0A9,EC
5EE43D83-11A4-4848-9091-5C4C0089559E,697D9F96-0D6C-4E6A-80E0-F7A165B0456B,EC
5EE43D83-11A4-4848-9091-5C4C0089559E,6D73F588-9CC5-4505-8578-9F02056F53D9,EC
5EE43D83-11A4-4848-9091-5C4C0089559E,6DB24FFF-7182-48DF-91EA-88B500FF0D7D,EC
5EE43D83-11A4-4848-9091-5C4C0089559E,6DDEB587-5FF6-440D-A7E4-789FEDBD681A,EC
5EE43D83-11A4-4848-9091-5C4C0089559E,6E1B8BF4-5B40-478F-9374-FD401414080A,EC
5EE43D83-11A4-4848-9091-5C4C0089559E,7063F03B-BE5B-4EE8-91C3-F62A9FC36206,EC
5EE43D83-11A4-4848-9091-5C4C0089559E,73AE565E-6801-4374-8AE7-E883AE180A32,EC
5EE43D83-11A4-4848-9091-5C4C0089559E,76514BCF-7554-4845-BA4F-2BAA38C20CB3,EC
5EE43D83-11A4-4848-9091-5C4C0089559E,7A03630A-A7C7-4828-A3DD-CEF1FC34005B,EC
5EE43D83-11A4-4848-9091-5C4C0089559E,7BAAA383-DEE3-4EEA-AAEE-B63DDA95E244,EC
5EE43D83-11A4-4848-9091-5C4C0089559E,7BE4CB64-BB75-470C-A5A6-84075BA220DC,EC
5EE43D83-11A4-4848-9091-5C4C0089559E,7D0AF88C-D01D-4E3E-9323-B79C3564CB05,EC
5EE43D83-11A4-4848-9091-5C4C0089559E,881DB25A-9BB2-45A5-94E1-E8807E145ECF,EC
5EE43D83-11A4-4848-9091-5C4C0089559E,88232554-7FFF-450E-A521-6F2C07F96C9D,EC
5EE43D83-11A4-4848-9091-5C4C0089559E,88FAF07F-E1F5-4B01-8513-CF88DA5B03C7,EC
5EE43D83-11A4-4848-9091-5C4C0089559E,8B5A4436-A10A-4808-A78F-ED3C6A798189,EC
5EE43D83-11A4-4848-9091-5C4C0089559E,8B6C6781-A174-4701-828B-BC9A6E4500EF,EC
5EE43D83-11A4-4848-9091-5C4C0089559E,8CFF6E64-6091-45DD-8E54-EE6DBD026705,EC
5EE43D83-11A4-4848-9091-5C4C0089559E,8D9AF2CF-9EB6-4056-A086-07627BB084D0,EC
5EE43D83-11A4-4848-9091-5C4C0089559E,8F707F5B-4715-46B6-B8E2-45A2515C8836,EC
5EE43D83-11A4-4848-9091-5C4C0089559E,90CD4900-EA95-431B-A5CF-24737D16D8F6,EC
5EE43D83-11A4-4848-9091-5C4C0089559E,9300C235-68D7-4482-AAFA-6C50CB97B876,EC
5EE43D83-11A4-4848-9091-5C4C0089559E,9315BE4C-417B-4206-9BB3-3EB00ECC9555,EC
5EE43D83-11A4-4848-9091-5C4C0089559E,947F1689-98C0-469B-980C-3BB0DD0EC9C8,EC
5EE43D83-11A4-4848-9091-5C4C0089559E,954453E8-1600-4266-8513-B995D4FD5830,EC
5EE43D83-11A4-4848-9091-5C4C0089559E,9548961F-439B-44FF-9169-197B7DFBE4DF,EC
5EE43D83-11A4-4848-9091-5C4C0089559E,96EFB719-4132-4F2B-9585-534D0054AB87,EC
5EE43D83-11A4-4848-9091-5C4C0089559E,9789DB95-896A-49ED-BF36-6FD84D6A22C6,EC
5EE43D83-11A4-4848-9091-5C4C0089559E,97B03202-2F8D-446C-B2D4-25EDFCCFA3C4,EC
5EE43D83-11A4-4848-9091-5C4C0089559E,97B93F22-E664-465B-8057-5D2193B19624,EC
5EE43D83-11A4-4848-9091-5C4C0089559E,98193041-CD63-40A4-AEF2-43E95FB64F89,EC
5EE43D83-11A4-4848-9091-5C4C0089559E,992D5963-E2FA-4464-914B-A2D5833F3570,EC
5EE43D83-11A4-4848-9091-5C4C0089559E,9B4B098A-3DE7-466D-AE08-76F34B0004B9,EC
5EE43D83-11A4-4848-9091-5C4C0089559E,9C205498-F909-400B-9F4E-8C13BCFE068E,EC
5EE43D83-11A4-4848-9091-5C4C0089559E,9F021596-14CF-4B87-9A1D-9425E375D930,EC
5EE43D83-11A4-4848-9091-5C4C0089559E,9FD4E2CC-308F-46B7-A912-47A1FD15BD56,EC
5EE43D83-11A4-4848-9091-5C4C0089559E,A0814C71-F727-4622-8471-713852C3E178,EC
5EE43D83-11A4-4848-9091-5C4C0089559E,A2175B87-2039-4861-BC53-C03361E3D0F9,EC
5EE43D83-11A4-4848-9091-5C4C0089559E,A33504DA-06CF-4EC7-B016-DE11780D1A42,EC
5EE43D83-11A4-4848-9091-5C4C0089559E,A4D759E7-B3DD-485C-BD30-B3464222C343,EC
5EE43D83-11A4-4848-9091-5C4C0089559E,A57A2ED0-E566-40EA-8852-48CAC37F8D86,EC
5EE43D83-11A4-4848-9091-5C4C0089559E,A5E15B83-FFF0-45D5-9D20-04F05CB3E037,EC
5EE43D83-11A4-4848-9091-5C4C0089559E,A732ECD0-AF9D-4FEB-B2CD-C8FDC3576CF2,EC
5EE43D83-11A4-4848-9091-5C4C0089559E,A97A4371-B1B7-475C-A1C5-C23CFB9A9385,EC
5EE43D83-11A4-4848-9091-5C4C0089559E,A9F71480-165B-4CB4-AEC2-5182F55B23BC,EC
5EE43D83-11A4-4848-9091-5C4C0089559E,AA16570D-AA70-49DE-8D1A-3D986EAE9B8D,EC
5EE43D83-11A4-4848-9091-5C4C0089559E,AAF2CFB6-1D95-438E-B513-C4205A4E8BEC,EC
5EE43D83-11A4-4848-9091-5C4C0089559E,AED0176F-5221-445B-8E8D-CFA0C966320A,EC
5EE43D83-11A4-4848-9091-5C4C0089559E,AEDEF0CA-20CA-4075-B0C1-AEA96FF079C8,EC
5EE43D83-11A4-4848-9091-5C4C0089559E,AF1F1711-6956-4BDE-BBFA-1C38C8FD4B8D,EC
5EE43D83-11A4-4848-9091-5C4C0089559E,AF47B47F-EF66-45D8-91C7-6D1DC49D57D3,EC
5EE43D83-11A4-4848-9091-5C4C0089559E,B01D8B87-6436-4631-90F5-BE459A0F4DFA,EC
5EE43D83-11A4-4848-9091-5C4C0089559E,B1A6D8C4-3FD1-4D3F-BCC3-4B47AB53B746,EC
5EE43D83-11A4-4848-9091-5C4C0089559E,B405501B-E930-441B-AF30-39B13CE8279A,EC
5EE43D83-11A4-4848-9091-5C4C0089559E,B6495F99-3B65-415B-8D0F-79629C10F1EB,EC
5EE43D83-11A4-4848-9091-5C4C0089559E,B65E5F39-1056-4B31-A595-069858E59433,EC
5EE43D83-11A4-4848-9091-5C4C0089559E,B8D93B08-976D-4704-8068-514556A012F4,EC
5EE43D83-11A4-4848-9091-5C4C0089559E,BB1AABC4-8640-4EA8-BC00-2AB4DA3E0509,EC
5EE43D83-11A4-4848-9091-5C4C0089559E,BC9BAF49-51CF-4B65-A084-BD962ADC042D,EC
5EE43D83-11A4-4848-9091-5C4C0089559E,BCE08502-DAD4-4428-9CE4-4A74680BABC9,EC
5EE43D83-11A4-4848-9091-5C4C0089559E,C16FD86E-4728-4D47-A9FF-C57843E1230E,EC
5EE43D83-11A4-4848-9091-5C4C0089559E,C2CFD7C5-0F42-4849-BA23-7BBA46518862,EC
5EE43D83-11A4-4848-9091-5C4C0089559E,C4E92D2E-6F12-4B32-8F66-4A4A754A61F1,EC
5EE43D83-11A4-4848-9091-5C4C0089559E,C8321A04-3442-4741-8407-848703C0A705,EC
5EE43D83-11A4-4848-9091-5C4C0089559E,C862AB80-3B6A-43E7-9147-07C6A8AC1959,EC
5EE43D83-11A4-4848-9091-5C4C0089559E,C8D8DAAA-4A58-457D-9BDD-6FC694767C72,EC
5EE43D83-11A4-4848-9091-5C4C0089559E,CAFBD9BC-16EB-43DC-A2BC-CA160A78A672,EC
5EE43D83-11A4-4848-9091-5C4C0089559E,CD213BD1-83C6-4FCA-923D-9E45A62E3CA2,EC
5EE43D83-11A4-4848-9091-5C4C0089559E,CEC5A841-92D2-4DF1-AC33-6685BB042DF6,EC
5EE43D83-11A4-4848-9091-5C4C0089559E,CF28C82A-ADBA-436F-BF01-3E7FB57084BB,EC
5EE43D83-11A4-4848-9091-5C4C0089559E,CF4826A8-4C98-4C99-AD83-D239F47B3487,EC
5EE43D83-11A4-4848-9091-5C4C0089559E,D124A1E8-65DC-44A9-87F6-F608D7909C8E,EC
5EE43D83-11A4-4848-9091-5C4C0089559E,D5092BA2-119F-4124-B61E-D7338EE85362,EC
5EE43D83-11A4-4848-9091-5C4C0089559E,D6A94A70-03CE-478B-9306-BBE7B7EDA6CF,EC
5EE43D83-11A4-4848-9091-5C4C0089559E,D7EC94A3-E7A0-4A97-87F1-E2F274100DB0,EC
5EE43D83-11A4-4848-9091-5C4C0089559E,D7F7A8B7-1E78-4A08-99F3-E7B7438F82E7,EC
5EE43D83-11A4-4848-9091-5C4C0089559E,D9A68907-6631-4F89-A4EA-D69A119540D3,EC
5EE43D83-11A4-4848-9091-5C4C0089559E,DE2BC4E8-4A92-4DA2-B9A5-EA1541DA0275,EC
5EE43D83-11A4-4848-9091-5C4C0089559E,DECC98D1-F23E-4A04-ACB2-8648FECBD826,EC
5EE43D83-11A4-4848-9091-5C4C0089559E,E0D6B883-16A6-430B-B0FC-2DCC90CB113C,EC
5EE43D83-11A4-4848-9091-5C4C0089559E,E0D89C11-E228-4100-8705-2C1DD3D520AA,EC
5EE43D83-11A4-4848-9091-5C4C0089559E,E0E3B8E8-FA9D-4BCC-B1F4-282ED55249D8,EC
5EE43D83-11A4-4848-9091-5C4C0089559E,E28BCDA4-66FD-4A1C-A790-D454F1A83C16,EC
5EE43D83-11A4-4848-9091-5C4C0089559E,E7609C89-F1B6-4FCC-83A4-092AC7D61D9A,EC
5EE43D83-11A4-4848-9091-5C4C0089559E,E843AF61-AE75-4269-81D4-1ACE2BA305E7,EC
5EE43D83-11A4-4848-9091-5C4C0089559E,E8FB5C9C-8198-4164-89F5-742E80E23266,EC
5EE43D83-11A4-4848-9091-5C4C0089559E,EA2CD256-D947-48AF-9C48-771C4FA09017,EC
5EE43D83-11A4-4848-9091-5C4C0089559E,EB5AFD61-5403-42FA-9B8C-629C7BCD48E5,EC
5EE43D83-11A4-4848-9091-5C4C0089559E,ED97690D-C8E3-4159-AEC5-FCE1E25A2528,EC
5EE43D83-11A4-4848-9091-5C4C0089559E,EDF55A3F-9C33-45A4-8486-81A559DBDD31,EC
5EE43D83-11A4-4848-9091-5C4C0089559E,EF210AE7-0734-47D5-8618-8F87F39D4DEF,EC
5EE43D83-11A4-4848-9091-5C4C0089559E,EFDDEA76-9F1A-480D-BB3F-5E660C498C45,EC
5EE43D83-11A4-4848-9091-5C4C0089559E,F007BB55-58CC-4A56-88B0-2CD9D3FA25C7,EC
5EE43D83-11A4-4848-9091-5C4C0089559E,F05CACC8-581B-448E-AF2E-252BA6E497CB,EC
5EE43D83-11A4-4848-9091-5C4C0089559E,F1963294-ACC7-47AB-B0FB-BA939FCDF35A,EC
5EE43D83-11A4-4848-9091-5C4C0089559E,F20F46DE-9D27-455F-8A70-9B3A56547528,EC
5EE43D83-11A4-4848-9091-5C4C0089559E,F501AEF4-6B38-4799-BB77-C5869BBF3997,EC
5EE43D83-11A4-4848-9091-5C4C0089559E,F90AF80B-0265-4AC4-9221-3480776F069B,EC
5EE43D83-11A4-4848-9091-5C4C0089559E,FB40D351-CFCA-44E5-9BD6-E9EB8DC5F776,EC
5EE43D83-11A4-4848-9091-5C4C0089559E,FD1C2154-77FE-4B70-AB21-86E9AA4FB1BD,EC
5EE43D83-11A4-4848-9091-5C4C0089559E,FE414F4E-CB14-4C30-9706-1B7A910D2F29,EC
5EE43D83-11A4-4848-9091-5C4C0089559E,FE5260B8-FCA4-4BD0-ABA4-8FEE59D75C84,EC
5F383BB6-94DC-4F67-B3F2-37445F4F9249,ED33A324-8A6D-4B72-97E9-9E7005F64861,EG
60FBABDE-BF19-47F5-A498-EA1204F42183,10F1E6B6-E31D-4AED-AF6A-01E92A69D2C0,TB
60FBABDE-BF19-47F5-A498-EA1204F42183,2FE88048-63B9-478E-BAA6-2FDDEF10BD1C,TB
60FBABDE-BF19-47F5-A498-EA1204F42183,5D1F0343-09C1-4336-8A0F-7EE03F3F9C07,TB
60FBABDE-BF19-47F5-A498-EA1204F42183,7C214E51-67F9-4663-90FA-EA4FFCEAAD65,TB
60FBABDE-BF19-47F5-A498-EA1204F42183,86593195-8380-4EF4-9972-8EB8721C5D49,TB
60FBABDE-BF19-47F5-A498-EA1204F42183,B9352333-3ABE-4814-98E9-736FD28E61EF,TB
60FBABDE-BF19-47F5-A498-EA1204F42183,D64AC1CF-9C5F-4410-BF06-EFAEA512713D,TB
61BB7DB1-2005-444D-BE19-DAE756FE0FEC,138D3097-15F2-4B03-91B7-700F1A895ECF,XX
6BF876C8-3495-4886-AB50-A6BAB89CF935,0F6BD7A3-15A3-453A-B0C7-BE09F83E5519,XV
6BF876C8-3495-4886-AB50-A6BAB89CF935,151AF6C4-CBBF-4E47-9FE6-3D0D57FC81E3,XV
6BF876C8-3495-4886-AB50-A6BAB89CF935,198DB394-F9EF-47D5-BB0C-ADE782CDB893,XV
6BF876C8-3495-4886-AB50-A6BAB89CF935,26DB30D3-0FBD-4052-B625-902D28D006C4,XV
6BF876C8-3495-4886-AB50-A6BAB89CF935,29668A8C-C954-4FE2-AB47-49F071B71D59,XV
6BF876C8-3495-4886-AB50-A6BAB89CF935,2A0F58E8-D206-4B42-A911-6D1C0BE76A05,XV
6BF876C8-3495-4886-AB50-A6BAB89CF935,2D5765C3-3CF2-402F-A1A3-D8201983139D,XV
6BF876C8-3495-4886-AB50-A6BAB89CF935,2DE94C18-8392-4B07-98BE-5EF0796F4DF8,XV
6BF876C8-3495-4886-AB50-A6BAB89CF935,34A5B471-37D2-41AC-A73D-78B48F3DBF82,XV
6BF876C8-3495-4886-AB50-A6BAB89CF935,487E067C-3B99-4C7B-92D0-2E0905A74B31,XV
6BF876C8-3495-4886-AB50-A6BAB89CF935,48DA3781-5CE6-4B7C-8C35-C523CB27FA3A,XV
6BF876C8-3495-4886-AB50-A6BAB89CF935,492A67E2-D097-431B-93BC-C1431EEF15B3,XV
6BF876C8-3495-4886-AB50-A6BAB89CF935,4E134EDE-905C-4AE8-A279-BF4401A41607,XV
6BF876C8-3495-4886-AB50-A6BAB89CF935,514C62E3-9487-42D4-98F3-133467E0CE56,XV
6BF876C8-3495-4886-AB50-A6BAB89CF935,5320BA84-DBBE-4F92-A4F7-E63A7DE7CD9B,XV
6BF876C8-3495-4886-AB50-A6BAB89CF935,55F9B0E7-0872-45F1-8689-41AAC30B7DC0,XV
6BF876C8-3495-4886-AB50-A6BAB89CF935,5668E2B9-6881-4088-8D59-73AC857CF23B,XV
6BF876C8-3495-4886-AB50-A6BAB89CF935,587D233D-1A3C-4BFF-8A92-9A4CC7198A86,XV
6BF876C8-3495-4886-AB50-A6BAB89CF935,59078787-F7B6-4A81-8B9C-C0E04E92AEA3,XV
6BF876C8-3495-4886-AB50-A6BAB89CF935,634C15DE-75F0-4690-990C-EC73BC818F1E,XV
6BF876C8-3495-4886-AB50-A6BAB89CF935,63AAB256-DB9D-4382-8475-B5DACE889B03,XV
6BF876C8-3495-4886-AB50-A6BAB89CF935,66C3AFCA-E9FD-4FA4-BE2A-FDCC01B87C04,XV
6BF876C8-3495-4886-AB50-A6BAB89CF935,6C2427D9-A3F4-4424-B4DA-0AEADDF6D3D2,XV
6BF876C8-3495-4886-AB50-A6BAB89CF935,7215C465-F91F-44CE-B233-307EAFFEC239,XV
6BF876C8-3495-4886-AB50-A6BAB89CF935,7AD9F613-FBE6-4128-8604-8DCC4878E6E6,XV
6BF876C8-3495-4886-AB50-A6BAB89CF935,7D9677B9-6D28-4529-BDFB-55FA60D3E350,XV
6BF876C8-3495-4886-AB50-A6BAB89CF935,7E313FA6-B924-4EB1-A0B5-355D3B3EB802,XV
6BF876C8-3495-4886-AB50-A6BAB89CF935,8EBE0707-7376-4E14-B13B-10514FD99BB1,XV
6BF876C8-3495-4886-AB50-A6BAB89CF935,8FBE6DA8-85C0-4916-B4CD-5B1BA3EA2DF2,XV
6BF876C8-3495-4886-AB50-A6BAB89CF935,A6360BC9-C8B7-4E37-8B28-B6923DC3818B,XV
6BF876C8-3495-4886-AB50-A6BAB89CF935,AC04149F-49B6-4EBA-AF8B-1C4DAD115C93,XV
6BF876C8-3495-4886-AB50-A6BAB89CF935,B5B12D54-A3AC-4B3D-A9A0-E646ED1A1448,XV
6BF876C8-3495-4886-AB50-A6BAB89CF935,BDA75450-DA11-4BDF-88F7-9DF01EC03173,XV
6BF876C8-3495-4886-AB50-A6BAB89CF935,BFF7DFAE-632D-4588-AC41-198B8475430E,XV
6BF876C8-3495-4886-AB50-A6BAB89CF935,C1FB6C2D-26F8-4537-A500-7878BF835C0B,XV
6BF876C8-3495-4886-AB50-A6BAB89CF935,CAB33D0A-DDDA-4512-9185-069EC52F659C,XV
6BF876C8-3495-4886-AB50-A6BAB89CF935,D18C5758-F99C-4591-B79A-505AA35E5D3F,XV
6BF876C8-3495-4886-AB50-A6BAB89CF935,D83C5BA7-600C-4D6D-AADD-09BEDD38FDF6,XV
6BF876C8-3495-4886-AB50-A6BAB89CF935,DDE0FC89-2348-4A21-B9A3-B63A58D89678,XV
6BF876C8-3495-4886-AB50-A6BAB89CF935,E162D9A8-963A-48DC-A40B-F5CA6D5813D9,XV
6BF876C8-3495-4886-AB50-A6BAB89CF935,E1A21386-2D7B-4BF9-A340-633D8F047D87,XV
6BF876C8-3495-4886-AB50-A6BAB89CF935,E7BCACF3-A05C-496D-8788-37E6C19358BC,XV
6BF876C8-3495-4886-AB50-A6BAB89CF935,EB0A383D-1B90-4737-A863-F2C2D10529FF,XV
6BF876C8-3495-4886-AB50-A6BAB89CF935,F4EEB943-6FC4-4AA1-BF88-97FF4CC09637,XV
6BF876C8-3495-4886-AB50-A6BAB89CF935,FE9FC855-8C42-4D9D-9EBB-D40D2C35C08E,XV
6C856993-7B1D-4BBC-9D95-81FD6F1CF2E3,3333BF6C-7E3B-43D5-BF47-E7893B6085B4,SP
6C856993-7B1D-4BBC-9D95-81FD6F1CF2E3,7987CCE3-3190-47DF-B507-5992898F17A6,SP
6C856993-7B1D-4BBC-9D95-81FD6F1CF2E3,85A36A3E-BE75-4992-98A6-8CF62F878CCD,SP
6C856993-7B1D-4BBC-9D95-81FD6F1CF2E3,8CE37E1E-F762-4FD9-A026-DF47667077CC,SP
6C856993-7B1D-4BBC-9D95-81FD6F1CF2E3,E241364F-0A74-45EE-95A6-B0E3867C12C2,SP
718EB6AC-C364-4376-8719-843310C67D92,2311F92F-4642-480A-8A17-3B0D9B6B12BB,GE
718EB6AC-C364-4376-8719-843310C67D92,29DC0510-4EA9-417E-B51C-4F3C27E7CEEC,GE
718EB6AC-C364-4376-8719-843310C67D92,582F9011-B922-4039-A35D-761D03795788,GE
718EB6AC-C364-4376-8719-843310C67D92,DC85F7D2-51F7-4699-9E92-198DA23A5751,GE
718EB6AC-C364-4376-8719-843310C67D92,ED1B4E95-C811-4F64-B236-5253DB1A790E,GE
779345B1-910C-403E-A453-3DE9336FBCAB,03B66B7E-B8B9-4D50-8621-B7B1C8C4CF1F,WG
779345B1-910C-403E-A453-3DE9336FBCAB,06B826F7-EC46-4298-9286-78B4B057AD52,WG
779345B1-910C-403E-A453-3DE9336FBCAB,070E4A43-E7D8-4469-A3E8-C26BF0DE46B9,WG
779345B1-910C-403E-A453-3DE9336FBCAB,081173F2-04CF-4C40-9623-DEFB52137F2C,WG
779345B1-910C-403E-A453-3DE9336FBCAB,088FA484-0A20-4FBC-B8EE-BFD3C33E1867,WG
779345B1-910C-403E-A453-3DE9336FBCAB,089203D2-6BB3-487F-A3DC-D8FBDF58B9B8,WG
779345B1-910C-403E-A453-3DE9336FBCAB,0AEF6CFA-AE0A-4939-9E58-AE1A985BA27B,WG
779345B1-910C-403E-A453-3DE9336FBCAB,0C97247A-5365-4B6B-BCD9-E0183F2924D7,WG
779345B1-910C-403E-A453-3DE9336FBCAB,0D78171D-FA90-424E-9EBA-1C24011CE2F5,WG
779345B1-910C-403E-A453-3DE9336FBCAB,0E49C80D-1EA3-4EF9-BEFB-553F15F522C5,WG
779345B1-910C-403E-A453-3DE9336FBCAB,10645A4A-908F-40E6-BEA1-26D35A370235,WG
779345B1-910C-403E-A453-3DE9336FBCAB,10F9EE3B-FEDB-484A-8354-5B8AFE782B9F,WG
779345B1-910C-403E-A453-3DE9336FBCAB,11DA1377-7586-4649-BE15-70E33B14CA85,WG
779345B1-910C-403E-A453-3DE9336FBCAB,13313B15-D5D9-42AB-B9A8-1888BB7E0CA8,WG
779345B1-910C-403E-A453-3DE9336FBCAB,13C07C2C-B36D-4C47-8135-CAC1F8A4341C,WG
779345B1-910C-403E-A453-3DE9336FBCAB,147A53F7-EEC1-4AC6-8D2A-3735D52D5BEB,WG
779345B1-910C-403E-A453-3DE9336FBCAB,157AA0E2-523D-4E6B-8BD9-407C7326D6EB,WG
779345B1-910C-403E-A453-3DE9336FBCAB,186D90CE-C2FF-4CB3-8EEE-3191F05A07D6,WG
779345B1-910C-403E-A453-3DE9336FBCAB,1949511A-0097-4814-9C42-A71ABE69C80A,WG
779345B1-910C-403E-A453-3DE9336FBCAB,1B45CDFC-61EF-47E5-A23F-92B4F2480ECD,WG
779345B1-910C-403E-A453-3DE9336FBCAB,1D35DF86-F329-44F0-A8CB-2E9E16D225CF,WG
779345B1-910C-403E-A453-3DE9336FBCAB,1F1AD70C-F1F3-479A-BE38-5D01B282F072,WG
779345B1-910C-403E-A453-3DE9336FBCAB,21080757-CAF2-45B2-9487-9630232E3E0F,WG
779345B1-910C-403E-A453-3DE9336FBCAB,21519F93-D0B8-4C84-B6B6-4840853686CF,WG
779345B1-910C-403E-A453-3DE9336FBCAB,21CCAA19-F217-4E38-8594-BF58502B9B9B,WG
779345B1-910C-403E-A453-3DE9336FBCAB,2239864B-6130-4DF8-8CF1-2DF6EC723937,WG
779345B1-910C-403E-A453-3DE9336FBCAB,23741490-0F6F-4335-A986-ACA003E5F1F6,WG
779345B1-910C-403E-A453-3DE9336FBCAB,26A71937-B7AA-4595-A783-4E96CE61BDD6,WG
779345B1-910C-403E-A453-3DE9336FBCAB,2D9FDAB8-C44A-4975-9647-5DB7221AD19E,WG
779345B1-910C-403E-A453-3DE9336FBCAB,2E64A6A5-A9FC-4D24-8C7E-EEDC3CBB9DA0,WG
779345B1-910C-403E-A453-3DE9336FBCAB,381F6F98-ADEF-4933-89AE-708B48B8F4D9,WG
779345B1-910C-403E-A453-3DE9336FBCAB,3C2B878F-D907-468F-89AB-4D11AAC0E268,WG
779345B1-910C-403E-A453-3DE9336FBCAB,3D6A7B85-83AC-40BB-8AAE-713138F97F93,WG
779345B1-910C-403E-A453-3DE9336FBCAB,3F892DBC-E8AA-45B1-A16E-A635CE1A6C38,WG
779345B1-910C-403E-A453-3DE9336FBCAB,41D270CE-5051-4262-B3DE-5386EF999ADA,WG
779345B1-910C-403E-A453-3DE9336FBCAB,48DA2DFE-420B-47CE-A784-A77F0115624A,WG
779345B1-910C-403E-A453-3DE9336FBCAB,4AB1771E-7F17-4CBD-A419-BF4A2B45CAD0,WG
779345B1-910C-403E-A453-3DE9336FBCAB,4EBAAF03-083F-4A9F-9ADF-2ECA4B961F37,WG
779345B1-910C-403E-A453-3DE9336FBCAB,5096E868-263D-4EAD-80D0-54CAB1A31099,WG
779345B1-910C-403E-A453-3DE9336FBCAB,5114BA88-F2B2-4E00-BBA0-E61DA10FA650,WG
779345B1-910C-403E-A453-3DE9336FBCAB,51B6B01C-DBD2-41AB-B3B2-9932A9CF1E2E,WG
779345B1-910C-403E-A453-3DE9336FBCAB,53B0523F-116C-4A34-8341-81EE6BCBCD8B,WG
779345B1-910C-403E-A453-3DE9336FBCAB,55B40336-195A-45AC-9527-3F05C0F09A4B,WG
779345B1-910C-403E-A453-3DE9336FBCAB,57BDB469-F84A-43FD-98B3-77AD239A83B9,WG
779345B1-910C-403E-A453-3DE9336FBCAB,583988FA-1CDB-4623-869C-F98C8A31C350,WG
779345B1-910C-403E-A453-3DE9336FBCAB,5930A268-6A22-4B91-AE30-705E54D66323,WG
779345B1-910C-403E-A453-3DE9336FBCAB,5A45CE18-3F51-4922-B893-279D2B296D58,WG
779345B1-910C-403E-A453-3DE9336FBCAB,5CA38A6F-3C3D-4C54-887D-E370CF7ED55F,WG
779345B1-910C-403E-A453-3DE9336FBCAB,5DAF231C-2C21-447D-808C-6F254DA3AB95,WG
779345B1-910C-403E-A453-3DE9336FBCAB,63729D04-1A4A-43EB-9715-48A2945162FA,WG
779345B1-910C-403E-A453-3DE9336FBCAB,63D502B0-EBFF-4EA1-BA84-2AC6A6AC77D9,WG
779345B1-910C-403E-A453-3DE9336FBCAB,643497F2-DF22-49B6-9C78-8254067CA454,WG
779345B1-910C-403E-A453-3DE9336FBCAB,643D832A-9AF7-40D0-A1A7-D668093E96E3,WG
779345B1-910C-403E-A453-3DE9336FBCAB,6479CB11-E444-42E9-8C98-1A98936CCAE1,WG
779345B1-910C-403E-A453-3DE9336FBCAB,66865A4F-541C-4C90-BA27-4CBD23EBEC55,WG
779345B1-910C-403E-A453-3DE9336FBCAB,67930326-16A6-4CF9-8438-AFEB1239EE08,WG
779345B1-910C-403E-A453-3DE9336FBCAB,688F24F0-EE32-4B64-A539-EE8F3B81D552,WG
779345B1-910C-403E-A453-3DE9336FBCAB,69EDC442-DF85-47F4-9F69-8EFB90C37E4E,WG
779345B1-910C-403E-A453-3DE9336FBCAB,6E1AD00A-879D-41B0-886B-8F059EE1A04B,WG
779345B1-910C-403E-A453-3DE9336FBCAB,6F35A787-BD56-4CDF-AE51-7DAB8E87DEF3,WG
779345B1-910C-403E-A453-3DE9336FBCAB,6F6F9A37-B7EA-44A8-82F8-90D4EA1F80B6,WG
779345B1-910C-403E-A453-3DE9336FBCAB,709D34C9-C338-40DB-82A3-B59691514FAD,WG
779345B1-910C-403E-A453-3DE9336FBCAB,71017F16-2E4F-454B-A91F-C6A67366855E,WG
779345B1-910C-403E-A453-3DE9336FBCAB,71224C0C-65BE-4B2C-8B08-AFB6B5A539EA,WG
779345B1-910C-403E-A453-3DE9336FBCAB,7436BF63-D2B8-4898-BB4B-8CAC93BCB8AA,WG
779345B1-910C-403E-A453-3DE9336FBCAB,7445E825-E1F8-43AB-95D7-2E67DB405D05,WG
779345B1-910C-403E-A453-3DE9336FBCAB,770E77EE-7682-426B-87F1-CC62B66F1F02,WG
779345B1-910C-403E-A453-3DE9336FBCAB,78813EE8-05E9-4F7A-97D6-72C9CE44B7E4,WG
779345B1-910C-403E-A453-3DE9336FBCAB,7D216222-0E20-46EE-9CBA-F60487B46A51,WG
779345B1-910C-403E-A453-3DE9336FBCAB,7E500698-E75F-4D68-A06E-22D70F7FBF1F,WG
779345B1-910C-403E-A453-3DE9336FBCAB,7E670050-29F2-48AE-9638-2E1BAD36FE21,WG
779345B1-910C-403E-A453-3DE9336FBCAB,7F9E8987-B3C7-42E2-A6FC-18B26999A307,WG
779345B1-910C-403E-A453-3DE9336FBCAB,81FEBEF3-9F02-4662-A107-48540E353AB6,WG
779345B1-910C-403E-A453-3DE9336FBCAB,842BA77F-66EE-458E-977B-5358ED1941C4,WG
779345B1-910C-403E-A453-3DE9336FBCAB,84900ABE-4DCB-4BD9-84BF-7F9D866753E1,WG
779345B1-910C-403E-A453-3DE9336FBCAB,860F7EDA-7A8C-46AC-A695-9E6D70BF643D,WG
779345B1-910C-403E-A453-3DE9336FBCAB,8793A222-4365-4852-B408-DE95F66135C7,WG
779345B1-910C-403E-A453-3DE9336FBCAB,8C443FD8-E5BB-4831-870A-170F9EA0FAEC,WG
779345B1-910C-403E-A453-3DE9336FBCAB,8E50F079-5F6F-4EE5-8C4D-8664591CF240,WG
779345B1-910C-403E-A453-3DE9336FBCAB,8FEBCFCB-5533-4572-ABC9-EAE81C58A8FE,WG
779345B1-910C-403E-A453-3DE9336FBCAB,913A6811-6D51-4109-8D6E-6841F6023B5E,WG
779345B1-910C-403E-A453-3DE9336FBCAB,937CC049-24C6-4A8C-9C52-0034944E8D82,WG
779345B1-910C-403E-A453-3DE9336FBCAB,93EB2158-0B0E-44D3-BFE8-76D8DA90EB5C,WG
779345B1-910C-403E-A453-3DE9336FBCAB,945B9616-475E-468B-AD91-6327C6568755,WG
779345B1-910C-403E-A453-3DE9336FBCAB,94633C0E-4802-4D01-A779-85EC2048C30E,WG
779345B1-910C-403E-A453-3DE9336FBCAB,95208CB6-E6A0-4E5B-BAA2-C59D18D3D594,WG
779345B1-910C-403E-A453-3DE9336FBCAB,96B49024-45C3-4868-A5EB-CFCDBB5EFD0E,WG
779345B1-910C-403E-A453-3DE9336FBCAB,9A972F4F-EE1F-4F5C-9FED-B3E350540E12,WG
779345B1-910C-403E-A453-3DE9336FBCAB,9D66D6E2-742A-4D93-AE8D-C23ADD7893B4,WG
779345B1-910C-403E-A453-3DE9336FBCAB,9E28DE26-3827-478C-AF32-B107B4DD4D0C,WG
779345B1-910C-403E-A453-3DE9336FBCAB,9E516054-4F96-4D50-AE80-B124A71ADC7F,WG
779345B1-910C-403E-A453-3DE9336FBCAB,A242B195-A630-4577-992F-79E0AE7058A4,WG
779345B1-910C-403E-A453-3DE9336FBCAB,A2868DCC-B60C-4268-802D-9A9C18E78C6C,WG
779345B1-910C-403E-A453-3DE9336FBCAB,A58BBC94-EE19-4E25-80CD-0FC47E7E1A4E,WG
779345B1-910C-403E-A453-3DE9336FBCAB,A5EA2B8C-8FBB-4E9F-BB4B-54E869EEBADA,WG
779345B1-910C-403E-A453-3DE9336FBCAB,ABF8E183-AB08-498A-8BCA-ABADA0A472CA,WG
779345B1-910C-403E-A453-3DE9336FBCAB,B4987E3B-BB6F-463D-A1DF-645DD9C3C10D,WG
779345B1-910C-403E-A453-3DE9336FBCAB,B49D98BB-8C0F-4056-9464-3E70F8AA342D,WG
779345B1-910C-403E-A453-3DE9336FBCAB,B581EFAD-4136-438B-AF0C-88C561412375,WG
779345B1-910C-403E-A453-3DE9336FBCAB,B6319E7A-7D73-4259-A4AB-191700CD2925,WG
779345B1-910C-403E-A453-3DE9336FBCAB,B6636EE0-F0A3-49B3-A366-4BDCDD906163,WG
779345B1-910C-403E-A453-3DE9336FBCAB,B93C39F6-80C2-4A58-8466-FC45228550A6,WG
779345B1-910C-403E-A453-3DE9336FBCAB,BA4D72DA-6CF1-4015-B8A1-E9BE202666FF,WG
779345B1-910C-403E-A453-3DE9336FBCAB,BA80AE79-09DF-4C18-98C3-0A948FB0EBD5,WG
779345B1-910C-403E-A453-3DE9336FBCAB,BA869BB5-D06A-458E-B7F4-921E121814A5,WG
779345B1-910C-403E-A453-3DE9336FBCAB,BBF127EB-8046-4CC1-8EF5-FD8E5EE8D36A,WG
779345B1-910C-403E-A453-3DE9336FBCAB,BC0E52E7-69F5-4A7C-A0C4-D2D0519541B0,WG
779345B1-910C-403E-A453-3DE9336FBCAB,BD0A0BFD-FCBA-4B5A-856E-9A31831DCD2C,WG
779345B1-910C-403E-A453-3DE9336FBCAB,C10AAA6C-589E-48AA-9848-671CD840B971,WG
779345B1-910C-403E-A453-3DE9336FBCAB,C522E421-BD3D-49DE-B90C-8AEA76EA64B0,WG
779345B1-910C-403E-A453-3DE9336FBCAB,C809377F-97C2-4111-A1BC-EE4B9CC825EB,WG
779345B1-910C-403E-A453-3DE9336FBCAB,C82D79C1-01BC-4F42-869D-DC7E3D775BFD,WG
779345B1-910C-403E-A453-3DE9336FBCAB,C9901EBA-D28F-48CC-9FAE-43DF136947C5,WG
779345B1-910C-403E-A453-3DE9336FBCAB,CDDBF7CF-E0E2-4138-A0F5-D350AFBAB9B8,WG
779345B1-910C-403E-A453-3DE9336FBCAB,CED96029-439B-4FF6-ADDD-FBF936FD0D02,WG
779345B1-910C-403E-A453-3DE9336FBCAB,CF74A49F-E1D5-4DDA-8733-BF09E69712A4,WG
779345B1-910C-403E-A453-3DE9336FBCAB,CFD13007-DF03-45E2-BC80-AC903B1CC9F8,WG
779345B1-910C-403E-A453-3DE9336FBCAB,D080065B-A536-4A10-BFC2-B4AFA5A420EC,WG
779345B1-910C-403E-A453-3DE9336FBCAB,D6EEEE2F-E03B-4243-93F7-FE0C4297166A,WG
779345B1-910C-403E-A453-3DE9336FBCAB,D70B169E-4226-4AC4-9F33-5F9D16E1F074,WG
779345B1-910C-403E-A453-3DE9336FBCAB,D81604C0-0AB6-4F29-B668-5EB993B141B1,WG
779345B1-910C-403E-A453-3DE9336FBCAB,DA1B07AE-CE8D-4C9F-9B22-AE8DA864B4C9,WG
779345B1-910C-403E-A453-3DE9336FBCAB,DBF45DB7-4433-4532-891F-E803B7F96BC1,WG
779345B1-910C-403E-A453-3DE9336FBCAB,DED0E102-D140-479B-B905-841FBE79D20B,WG
779345B1-910C-403E-A453-3DE9336FBCAB,E32192E3-258B-4AC5-A197-56D3BF15AA26,WG
779345B1-910C-403E-A453-3DE9336FBCAB,E32D25C4-3334-4361-A6C0-FEBA4249009A,WG
779345B1-910C-403E-A453-3DE9336FBCAB,E4FEB06E-25C5-428D-B295-DAA14B05A1C3,WG
779345B1-910C-403E-A453-3DE9336FBCAB,EAB498A8-B627-4F72-BA58-8AAF57C7B3EA,WG
779345B1-910C-403E-A453-3DE9336FBCAB,EBEA1BB8-76A7-435A-AC61-CEF4E7F28F57,WG
779345B1-910C-403E-A453-3DE9336FBCAB,ECE536FB-6493-44BC-B047-D72B557281B8,WG
779345B1-910C-403E-A453-3DE9336FBCAB,ED03C441-3562-47BD-87AB-2C55003A803B,WG
779345B1-910C-403E-A453-3DE9336FBCAB,F3592E2D-CA44-47EB-82F1-A8EFA5FFCCA6,WG
779345B1-910C-403E-A453-3DE9336FBCAB,F4952CC3-C858-4F8F-8A1F-254F2CE17CA9,WG
779345B1-910C-403E-A453-3DE9336FBCAB,F50CCB3A-DCEB-4315-92BA-E8E964B55547,WG
779345B1-910C-403E-A453-3DE9336FBCAB,F54A4671-3F00-48CD-8246-BE12E700B652,WG
779345B1-910C-403E-A453-3DE9336FBCAB,F907A042-D0F8-48A0-87D9-CA4DE79470D2,WG
779345B1-910C-403E-A453-3DE9336FBCAB,F9950EA1-F7C1-476C-A00C-67D4E64987F8,WG
779345B1-910C-403E-A453-3DE9336FBCAB,F9D15D36-96BE-4E84-98A4-9344D1F3C068,WG
779345B1-910C-403E-A453-3DE9336FBCAB,FB25CB8D-1E33-4656-A34D-91E31C5C8D0E,WG
779345B1-910C-403E-A453-3DE9336FBCAB,FBA51FF3-4770-4652-8845-2B2C5AE9B8E0,WG
779345B1-910C-403E-A453-3DE9336FBCAB,FC095585-C382-4A7D-902D-9D11B0211FED,WG
779345B1-910C-403E-A453-3DE9336FBCAB,FC2006F0-432B-415B-8462-F79578935658,WG
779345B1-910C-403E-A453-3DE9336FBCAB,FCEF1D68-2ADA-4C24-B554-05C307DBEFF8,WG
779345B1-910C-403E-A453-3DE9336FBCAB,FD2340E8-BE8C-4DF7-AAC6-E0A3B3D335B6,WG
779345B1-910C-403E-A453-3DE9336FBCAB,FDEB3D1A-3251-4B7E-B64F-204E1898A064,WG
779345B1-910C-403E-A453-3DE9336FBCAB,FFCC9309-EDF4-4862-BF96-5050D4EBDC69,WG
7940BC80-90DE-45BD-8443-83DC67E0EA4A,092BB820-C1E0-4D17-AD91-AB76235F0FB7,HN
7940BC80-90DE-45BD-8443-83DC67E0EA4A,ED7C2BBC-9D9A-454D-AABB-F9FF346A1A65,HN
88477981-C829-4282-933C-F9D97A879CA8,04F7A5B6-F281-478D-9E0D-238638EED274,VP
88477981-C829-4282-933C-F9D97A879CA8,0B107F3A-C90F-4A6C-85CB-7748E735869C,VP
88477981-C829-4282-933C-F9D97A879CA8,16C35AB5-1239-4B9D-A86C-2E4079F9DD6D,VP
88477981-C829-4282-933C-F9D97A879CA8,21221AEF-1464-46C6-A3EA-C91DA8D7CD23,VP
88477981-C829-4282-933C-F9D97A879CA8,2557ED7B-D8D9-43AD-BCB6-DE87A71BD105,VP
88477981-C829-4282-933C-F9D97A879CA8,360D52B2-748E-4895-ADF6-27C2D0855B42,VP
88477981-C829-4282-933C-F9D97A879CA8,425E61A3-36A0-410A-9F90-2921A03A19F9,VP
88477981-C829-4282-933C-F9D97A879CA8,4723E25D-3949-4ED6-BB85-6EF402DD7FE2,VP
88477981-C829-4282-933C-F9D97A879CA8,581CF293-DD64-43C2-BCD2-EDB077970C89,VP
88477981-C829-4282-933C-F9D97A879CA8,582F9011-B922-4039-A35D-761D03795788,VP
88477981-C829-4282-933C-F9D97A879CA8,58D56A94-F9C4-4437-B1AB-D8BD7664A302,VP
88477981-C829-4282-933C-F9D97A879CA8,73457658-C7D4-4927-A296-D5D0325E6EB5,VP
88477981-C829-4282-933C-F9D97A879CA8,7778764E-7847-4A2E-80E6-ED7E05D3EFA0,VP
88477981-C829-4282-933C-F9D97A879CA8,80F356A6-0D14-4997-A6FA-C53A6AF34FF5,VP
88477981-C829-4282-933C-F9D97A879CA8,860D9A40-F9BD-4CD0-90B5-54785635F692,VP
88477981-C829-4282-933C-F9D97A879CA8,8EEE4E42-F6FF-4FE5-A68F-B45779960AB1,VP
88477981-C829-4282-933C-F9D97A879CA8,934D3069-41D3-42C6-A264-BEF55D312E74,VP
88477981-C829-4282-933C-F9D97A879CA8,9FD3A8CD-04EE-4AAA-B4CF-B8ACC9BE6E0D,VP
88477981-C829-4282-933C-F9D97A879CA8,A6237BB5-E31D-4F87-9300-63215ADD7187,VP
88477981-C829-4282-933C-F9D97A879CA8,B7C841A1-EE5B-4182-8225-E3BFD975E8A6,VP
88477981-C829-4282-933C-F9D97A879CA8,CA3F98D4-B043-4D60-8D88-766816726E9A,VP
88477981-C829-4282-933C-F9D97A879CA8,D149906A-4467-43B3-B47D-AC54744C4C22,VP
88477981-C829-4282-933C-F9D97A879CA8,EFB6E0C7-65F2-446A-AABB-639B3C00C815,VP
88477981-C829-4282-933C-F9D97A879CA8,F0198E97-4978-4D59-8EBF-DFFEE9DA6B51,VP
88477981-C829-4282-933C-F9D97A879CA8,F18122A8-B85E-42D7-AF90-819D5BAD0907,VP
88477981-C829-4282-933C-F9D97A879CA8,FBB4431F-E794-47E3-BEC8-2D4A427B17E3,VP
8C64342E-53C4-4EF9-A463-F33A5A702F84,0C5C83DE-6451-426A-869A-5859BF7EA89D,XP
8C64342E-53C4-4EF9-A463-F33A5A702F84,157E3236-FF4B-4A2F-8674-CBA7C9373D16,XP
8C64342E-53C4-4EF9-A463-F33A5A702F84,1837281B-77E6-4928-9815-29B7B4710183,XP
8C64342E-53C4-4EF9-A463-F33A5A702F84,197131F2-ECE1-4B6D-8737-198AD0DF7E82,XP
8C64342E-53C4-4EF9-A463-F33A5A702F84,2635579D-9411-4CC6-BC9D-5638FC1CEBB0,XP
8C64342E-53C4-4EF9-A463-F33A5A702F84,2F3B8348-DE79-4ED6-96B3-1055FC2E4BDA,XP
8C64342E-53C4-4EF9-A463-F33A5A702F84,366FE139-F8FA-49D3-8D53-F3194FBACFEA,XP
8C64342E-53C4-4EF9-A463-F33A5A702F84,3FA37197-E681-4135-B7CC-4A0C75562662,XP
8C64342E-53C4-4EF9-A463-F33A5A702F84,46323A5D-FD55-4DAD-929C-9E01A29E380B,XP
8C64342E-53C4-4EF9-A463-F33A5A702F84,61470528-3091-4307-B017-84D5AF845408,XP
8C64342E-53C4-4EF9-A463-F33A5A702F84,66AA3A3B-C58F-4133-888E-DA031DE10A63,XP
8C64342E-53C4-4EF9-A463-F33A5A702F84,737FC9CB-1186-4B67-BAF5-00D80388D686,XP
8C64342E-53C4-4EF9-A463-F33A5A702F84,748A328C-F49B-42A2-8830-6EC52F52DCC2,XP
8C64342E-53C4-4EF9-A463-F33A5A702F84,79AFE5D0-6F92-47FC-A23A-3AA60366BAB0,XP
8C64342E-53C4-4EF9-A463-F33A5A702F84,7DFBA282-70C3-432F-8D5E-5A530D3C10A4,XP
8C64342E-53C4-4EF9-A463-F33A5A702F84,8BD59764-DF84-448D-B123-8E3F186DBB6C,XP
8C64342E-53C4-4EF9-A463-F33A5A702F84,8CB49297-F4CB-44E5-B11E-63051994066E,XP
8C64342E-53C4-4EF9-A463-F33A5A702F84,8D61C2B6-A144-458B-9DB4-E582027210C4,XP
8C64342E-53C4-4EF9-A463-F33A5A702F84,90478123-7B5A-4908-AA28-354478D18F30,XP
8C64342E-53C4-4EF9-A463-F33A5A702F84,A62C202C-A7A7-4F1D-9EB9-0EC80C50FCA4,XP
8C64342E-53C4-4EF9-A463-F33A5A702F84,A7B9515D-1668-464D-B739-A3AA6677E02C,XP
8C64342E-53C4-4EF9-A463-F33A5A702F84,AA868C31-5B12-4C09-9282-A20B17A6F253,XP
8C64342E-53C4-4EF9-A463-F33A5A702F84,AE120798-34AA-47AE-9203-134885001A4A,XP
8C64342E-53C4-4EF9-A463-F33A5A702F84,B0244DAC-A521-4BA6-A2C2-76B79115081A,XP
8C64342E-53C4-4EF9-A463-F33A5A702F84,B0F8ED99-8F5A-41B5-BC69-8F752AB62738,XP
8C64342E-53C4-4EF9-A463-F33A5A702F84,B1AD79E6-CE5E-488F-A779-3D4B798848F6,XP
8C64342E-53C4-4EF9-A463-F33A5A702F84,B370F223-4CB7-4945-918F-B2C58A6FFCB8,XP
8C64342E-53C4-4EF9-A463-F33A5A702F84,B3F2AECF-2787-4E6E-884C-1BB47EFA6DFE,XP
8C64342E-53C4-4EF9-A463-F33A5A702F84,C07ED140-4335-42C5-B63D-0DBEA87F271A,XP
8C64342E-53C4-4EF9-A463-F33A5A702F84,C1AB08E1-149A-4A7B-9BAD-0FE927917AE9,XP
8C64342E-53C4-4EF9-A463-F33A5A702F84,C424299C-7E5F-4596-93AC-8D1D4CFEF0E0,XP
8C64342E-53C4-4EF9-A463-F33A5A702F84,C455A926-6B8A-4933-A533-EB9292300339,XP
8C64342E-53C4-4EF9-A463-F33A5A702F84,E29339D7-45AD-4A2B-A22D-1BF90265080C,XP
8C64342E-53C4-4EF9-A463-F33A5A702F84,E47BC551-B10C-4233-A1D7-3522B7CECFC1,XP
8C64342E-53C4-4EF9-A463-F33A5A702F84,E5745147-A56D-49C0-AE5C-995C077DB991,XP
8C64342E-53C4-4EF9-A463-F33A5A702F84,EA1BA868-54B8-4B1B-9CCF-26213B65DAD5,XP
8C64342E-53C4-4EF9-A463-F33A5A702F84,EDF98C8C-EF2B-4BB9-980F-018E940EA461,XP
92151BD0-BD8B-41AF-8526-11249E30B9BD,4CE994F8-341C-4708-8F11-D3F8B59EB925,KK
92351FBA-B7C1-4288-A1C6-61D68B8656BD,1285AEB1-8ACB-4EEB-AFC0-39678641CF12,OD
92351FBA-B7C1-4288-A1C6-61D68B8656BD,2B8E577C-3971-47B2-A522-59AC8A921A62,OD
92351FBA-B7C1-4288-A1C6-61D68B8656BD,2EC2CCCB-0D6C-452D-851C-C74AC17A5C65,OD
92351FBA-B7C1-4288-A1C6-61D68B8656BD,309B0A65-5D33-409F-B9E7-D41BCF72F705,OD
92351FBA-B7C1-4288-A1C6-61D68B8656BD,34BAF11B-7639-4987-B610-A2E77C83BBA7,OD
92351FBA-B7C1-4288-A1C6-61D68B8656BD,4BCCFF42-8333-43D8-91B9-B5C1FF8DB70D,OD
92351FBA-B7C1-4288-A1C6-61D68B8656BD,4CED5323-5D69-422A-B72F-CEF692001703,OD
92351FBA-B7C1-4288-A1C6-61D68B8656BD,81B6D016-2036-413A-83B4-ED15C4434377,OD
92351FBA-B7C1-4288-A1C6-61D68B8656BD,9CF76024-9F37-4D08-A550-46EB4F0CF78A,OD
92351FBA-B7C1-4288-A1C6-61D68B8656BD,A24749EE-A0B6-4D6B-885F-8A5F8F665BF8,OD
92351FBA-B7C1-4288-A1C6-61D68B8656BD,A7168090-C39F-4836-893C-66E025180A6A,OD
92351FBA-B7C1-4288-A1C6-61D68B8656BD,B9D0969B-FFD7-4A16-9563-02187C53A20A,OD
92351FBA-B7C1-4288-A1C6-61D68B8656BD,CE6ACB98-4301-4390-8FE0-A0DFCA70A706,OD
92351FBA-B7C1-4288-A1C6-61D68B8656BD,E9143646-39BA-45C4-B9C2-4DC43F297443,OD
92351FBA-B7C1-4288-A1C6-61D68B8656BD,EF17B886-B7A7-4A16-95EA-B6228EFB7FBA,OD
92351FBA-B7C1-4288-A1C6-61D68B8656BD,F130C98C-A053-44F2-B236-910DEA531B37,OD
A3313C77-EDF8-4150-BFBA-53A9FABC87CF,13CD442E-0555-4450-A379-D40E760890D7,SE
A3313C77-EDF8-4150-BFBA-53A9FABC87CF,2D7A6BD1-A7A5-43EC-B813-87E3686A4881,SE
A3313C77-EDF8-4150-BFBA-53A9FABC87CF,45C8D11B-CD05-4731-9013-A88B84F1B57A,SE
A3313C77-EDF8-4150-BFBA-53A9FABC87CF,46948565-6025-4671-AC28-53F51C0A4731,SE
A3313C77-EDF8-4150-BFBA-53A9FABC87CF,59978EC7-B63F-471E-8AFD-DAB9E46EE346,SE
A3313C77-EDF8-4150-BFBA-53A9FABC87CF,5A092328-7C30-4DE2-A47E-99EA9377B615,SE
A3313C77-EDF8-4150-BFBA-53A9FABC87CF,83986AF1-31A5-469B-947E-01E4A2BA2709,SE
A3313C77-EDF8-4150-BFBA-53A9FABC87CF,8D5FE45B-3BEC-44AB-8E02-02D8C7927A19,SE
A3313C77-EDF8-4150-BFBA-53A9FABC87CF,F112DF09-9794-4B7A-8310-82A62016EC7E,SE
A4714557-A830-48A9-A5E6-C59117C375DA,3AA1778A-F21C-4539-9C57-4DB91D3D2171,GR
A4714557-A830-48A9-A5E6-C59117C375DA,4A211ED7-F030-4471-B7CE-046214BE4B72,GR
A4714557-A830-48A9-A5E6-C59117C375DA,54F5B294-6D6F-4E39-B7EE-16B14F554039,GR
A4714557-A830-48A9-A5E6-C59117C375DA,66E23EA7-64DD-4519-A92B-B3461797BDD2,GR
A4714557-A830-48A9-A5E6-C59117C375DA,8BF1EF41-5325-449C-A528-BC4433E15910,GR
A4714557-A830-48A9-A5E6-C59117C375DA,BB2B388C-CC31-495A-A52F-3786A30AAAA6,GR
A5F96E9B-2D64-44C2-8221-30FF05FF44F1,049ABC0F-5B2C-4100-BD0A-EAC48B9AC4AC,XA
A5F96E9B-2D64-44C2-8221-30FF05FF44F1,0C57335D-0C3F-4844-AAEF-1D5A8C3C8F19,XA
A5F96E9B-2D64-44C2-8221-30FF05FF44F1,1219B29E-AD9F-48D5-8957-AFBCB0B39FBD,XA
A5F96E9B-2D64-44C2-8221-30FF05FF44F1,134CC9FB-4BC8-4EA6-AB76-B7172F02D63C,XA
A5F96E9B-2D64-44C2-8221-30FF05FF44F1,16AE2B4B-AA25-4702-8492-DECAA3EB41C5,XA
A5F96E9B-2D64-44C2-8221-30FF05FF44F1,1837281B-77E6-4928-9815-29B7B4710183,XA
A5F96E9B-2D64-44C2-8221-30FF05FF44F1,2D3E8CA9-EC3B-4147-883A-A642892BD0CA,XA
A5F96E9B-2D64-44C2-8221-30FF05FF44F1,2F7EE044-141B-483B-9D7F-682CD5EB03D9,XA
A5F96E9B-2D64-44C2-8221-30FF05FF44F1,38F2633D-3B19-4F9F-BF68-6D57692BD206,XA
A5F96E9B-2D64-44C2-8221-30FF05FF44F1,3A2A1A6A-17A9-4EF0-900F-B2033740C2F9,XA
A5F96E9B-2D64-44C2-8221-30FF05FF44F1,3A78447E-FFCF-461E-B37D-570C04902A6E,XA
A5F96E9B-2D64-44C2-8221-30FF05FF44F1,43527146-C9B7-4F47-9EB9-F0B51B0B91A9,XA
A5F96E9B-2D64-44C2-8221-30FF05FF44F1,436F9B8A-A639-4D70-AF4A-242BAA46B230,XA
A5F96E9B-2D64-44C2-8221-30FF05FF44F1,48724120-DC91-41C8-838E-9CB0A35D215E,XA
A5F96E9B-2D64-44C2-8221-30FF05FF44F1,556BD081-14A0-4144-A98B-C0B754BAB87F,XA
A5F96E9B-2D64-44C2-8221-30FF05FF44F1,65BC099C-D854-4729-836A-D2A00C64EBFF,XA
A5F96E9B-2D64-44C2-8221-30FF05FF44F1,6A1F21C0-22C0-4AE6-99B2-2EF4BE835C62,XA
A5F96E9B-2D64-44C2-8221-30FF05FF44F1,6B844FAC-A1B7-43CE-B577-BA20147E624A,XA
A5F96E9B-2D64-44C2-8221-30FF05FF44F1,71E412B1-562F-4382-8A7B-FFE552303DE5,XA
A5F96E9B-2D64-44C2-8221-30FF05FF44F1,77220372-712A-4706-BF63-8041E1F326C8,XA
A5F96E9B-2D64-44C2-8221-30FF05FF44F1,7BF989DA-9E2B-4E20-BF17-3674BF04D725,XA
A5F96E9B-2D64-44C2-8221-30FF05FF44F1,7C7145D3-6847-4E18-9FAF-5146B7A0AAA0,XA
A5F96E9B-2D64-44C2-8221-30FF05FF44F1,825ADAA7-C6E5-4BED-924C-86CA46ABFAF5,XA
A5F96E9B-2D64-44C2-8221-30FF05FF44F1,8C247A1C-1BF6-48E4-8EDD-77DAB4D70FF7,XA
A5F96E9B-2D64-44C2-8221-30FF05FF44F1,8C744785-DA61-400B-A825-83F0997570E5,XA
A5F96E9B-2D64-44C2-8221-30FF05FF44F1,8F0D3D12-42C3-40EB-A43D-B33105183495,XA
A5F96E9B-2D64-44C2-8221-30FF05FF44F1,8FBBFB53-2537-494B-984C-E4B2E5025EDE,XA
A5F96E9B-2D64-44C2-8221-30FF05FF44F1,923591AF-79B3-40BA-B2E4-D75BD8DD600B,XA
A5F96E9B-2D64-44C2-8221-30FF05FF44F1,9608F6A0-1793-43C6-9AC4-81F25C5B37A7,XA
A5F96E9B-2D64-44C2-8221-30FF05FF44F1,A35D1599-42F4-4C43-98FA-22CB92EEAC69,XA
A5F96E9B-2D64-44C2-8221-30FF05FF44F1,AA55C16C-89A8-4E8A-AE60-C4B411DA848C,XA
A5F96E9B-2D64-44C2-8221-30FF05FF44F1,B193431A-98DC-4A81-9E5E-44CDBA041BCF,XA
A5F96E9B-2D64-44C2-8221-30FF05FF44F1,B93CDC50-C62C-4C9E-96A1-4C0194819949,XA
A5F96E9B-2D64-44C2-8221-30FF05FF44F1,BB8EC1A6-343B-4E8C-8BE2-E953607F7297,XA
A5F96E9B-2D64-44C2-8221-30FF05FF44F1,BCD54F1A-AFD9-4743-B6B1-4768F1C0B5BD,XA
A5F96E9B-2D64-44C2-8221-30FF05FF44F1,BDA28FBD-AB1C-48D7-952E-88A3A4B88245,XA
A5F96E9B-2D64-44C2-8221-30FF05FF44F1,C058EDA5-D227-488E-9EB3-838634E9B0C6,XA
A5F96E9B-2D64-44C2-8221-30FF05FF44F1,C5717D72-3E76-4310-8E69-F4B4A9C9E593,XA
A5F96E9B-2D64-44C2-8221-30FF05FF44F1,C7949A51-F8F3-4DB1-84F9-9D04B16E66E5,XA
A5F96E9B-2D64-44C2-8221-30FF05FF44F1,C908A4B9-EB56-481F-B9E0-BFF80EA326C5,XA
A5F96E9B-2D64-44C2-8221-30FF05FF44F1,CAF0186D-F4F0-4E39-AF4F-95E29BF5D4EA,XA
A5F96E9B-2D64-44C2-8221-30FF05FF44F1,D7B9EEAD-F67E-40DB-9DC0-044CB2C9D6CE,XA
A5F96E9B-2D64-44C2-8221-30FF05FF44F1,D91C2FB9-143C-40A0-91E3-F51ECE8C5A7F,XA
A5F96E9B-2D64-44C2-8221-30FF05FF44F1,DA94C058-22A8-4A53-A92D-6D31451D2111,XA
A5F96E9B-2D64-44C2-8221-30FF05FF44F1,E82E547B-2548-40C3-9269-3C78F7C72962,XA
A5F96E9B-2D64-44C2-8221-30FF05FF44F1,ECC0709F-41EC-43A0-8AF8-EE416B1C6F72,XA
AD842A08-AAA3-405D-B3F1-591D4683205D,111D1FE6-4B79-4F5B-B355-982B1F78BAE0,CS
AD842A08-AAA3-405D-B3F1-591D4683205D,17E3CEDF-B08C-4DCD-9794-1B2CD7ABE6AA,CS
AD842A08-AAA3-405D-B3F1-591D4683205D,24DF9479-2B7A-4BBB-9DC3-54B2E83E93E9,CS
AD842A08-AAA3-405D-B3F1-591D4683205D,2BA673ED-AAB2-495A-89AB-C8E96386832B,CS
AD842A08-AAA3-405D-B3F1-591D4683205D,37ADF047-8D53-4B0C-B7DE-BAAF9678D73A,CS
AD842A08-AAA3-405D-B3F1-591D4683205D,3A9EA976-60E4-4A88-8353-BA8E5FCCED13,CS
AD842A08-AAA3-405D-B3F1-591D4683205D,3E8889C5-EAD6-4B95-99F5-720A71BA56EE,CS
AD842A08-AAA3-405D-B3F1-591D4683205D,4182269D-D509-468A-A850-F11948D32573,CS
AD842A08-AAA3-405D-B3F1-591D4683205D,51752E26-276F-4992-BB8C-64F07AADA851,CS
AD842A08-AAA3-405D-B3F1-591D4683205D,5AD2FDC9-2572-4813-83FE-748EBCDFC4E8,CS
AD842A08-AAA3-405D-B3F1-591D4683205D,61AD0684-40DF-4D75-B801-F5D98E3BA173,CS
AD842A08-AAA3-405D-B3F1-591D4683205D,8882C7F9-6E03-4B10-A2AC-B905213B675F,CS
AD842A08-AAA3-405D-B3F1-591D4683205D,91DCD7F1-5358-40EB-BE56-124CB25E5BA7,CS
AD842A08-AAA3-405D-B3F1-591D4683205D,95AB8972-062F-496C-A4CD-D54374E7B2BB,CS
AD842A08-AAA3-405D-B3F1-591D4683205D,A66F0A9A-D54B-4815-85A4-5078B6951FAF,CS
AD842A08-AAA3-405D-B3F1-591D4683205D,B7B62586-C364-41E8-BFAA-03E74A0BE6FB,CS
BDFB0715-0815-45D2-8D48-2544FAB94E8C,2248C654-74D7-48D4-9142-483C45B9437A,XF
BDFB0715-0815-45D2-8D48-2544FAB94E8C,42E32536-2726-4117-B8C4-2ECC2D04A956,XF
BDFB0715-0815-45D2-8D48-2544FAB94E8C,AA406F90-B3F3-4A4E-AC6E-D26771F18264,XF
BDFB0715-0815-45D2-8D48-2544FAB94E8C,C0A80966-225E-4EBC-8947-F6CEB5E8BE53,XF
BDFB0715-0815-45D2-8D48-2544FAB94E8C,FEC366AE-5688-4292-B0C1-D07207649D63,XF
BE076E4D-C2BB-442E-8DD3-76AF3DB2C809,F6A5F7A5-6419-461D-BE75-5329AC1DD841,PA
BF29163E-190F-4CA4-A2A3-D618D95602DD,0692F1DF-E949-44BC-B863-68A04D01BDC8,XL
BF29163E-190F-4CA4-A2A3-D618D95602DD,0693D7E1-12DB-4A12-80B9-33DA2EE3B85E,XL
BF29163E-190F-4CA4-A2A3-D618D95602DD,0DE09DB1-F9CD-4216-8822-E8890DA88FC5,XL
BF29163E-190F-4CA4-A2A3-D618D95602DD,1C47EA6B-A634-4225-BCE2-8C0F99217000,XL
BF29163E-190F-4CA4-A2A3-D618D95602DD,1DA70A18-DAF1-41A0-8646-F0FEE7F94100,XL
BF29163E-190F-4CA4-A2A3-D618D95602DD,3CF2A4C4-FBE9-41AE-AC01-0152DD716474,XL
BF29163E-190F-4CA4-A2A3-D618D95602DD,B5325C33-AF8C-4983-AAD2-D975C31C60E4,XL
BF29163E-190F-4CA4-A2A3-D618D95602DD,F4C8F106-3D64-4024-90FE-8A57A0EE7F93,XL
C802BB34-4793-4CDE-8820-CC2FC369A14D,23952C3A-4FF3-4489-9505-3CA44C4DDA92,FU
C802BB34-4793-4CDE-8820-CC2FC369A14D,2568EBE2-9100-4510-9F4B-391B45F69B41,FU
C802BB34-4793-4CDE-8820-CC2FC369A14D,769DF2D7-FDBC-49E1-8DA4-A08308F0DF1E,FU
C802BB34-4793-4CDE-8820-CC2FC369A14D,8EA02D51-6F83-4C1B-84A5-4721D277B128,FU
C802BB34-4793-4CDE-8820-CC2FC369A14D,99B830CE-BBBF-48EA-8A47-C602CCE07303,FU
D6B8536E-79EB-4D44-859A-820474075ADA,34B860CC-C164-4637-B8D7-516121CD878C,EO
D6B8536E-79EB-4D44-859A-820474075ADA,BB64B1E7-F00A-4904-8F60-913446A3D76D,EO
E59FBEE1-8326-46D2-BA6A-A02BC43EAA7A,4AE0FCB8-AD44-4051-A709-355E4FE9921F,DP
E8F2A60B-6D2B-4189-9394-6FCC6C8CB224,03DDED7F-9FDB-44AD-B21B-F88A3053F3BD,SC
E8F2A60B-6D2B-4189-9394-6FCC6C8CB224,044B0EE2-4C90-4A6A-BD3F-05CEF11403DB,SC
E8F2A60B-6D2B-4189-9394-6FCC6C8CB224,055905F3-5071-48DA-B676-A03A6E9DE188,SC
E8F2A60B-6D2B-4189-9394-6FCC6C8CB224,05EDBA73-7501-4445-994D-ADF3A9941887,SC
E8F2A60B-6D2B-4189-9394-6FCC6C8CB224,0607FC9C-6E81-4722-BF6B-07ADDD4EBB3E,SC
E8F2A60B-6D2B-4189-9394-6FCC6C8CB224,06A9CC3E-F0FE-4C53-A704-0A8145553C04,SC
E8F2A60B-6D2B-4189-9394-6FCC6C8CB224,06EC806F-DFBD-4A17-BB56-22B8F3D67849,SC
E8F2A60B-6D2B-4189-9394-6FCC6C8CB224,077739CF-19B7-4750-975D-042A5EE64ED8,SC
E8F2A60B-6D2B-4189-9394-6FCC6C8CB224,085C90C6-35F4-4F6D-A530-7C6B46268421,SC
E8F2A60B-6D2B-4189-9394-6FCC6C8CB224,0913DF1B-5E55-4897-B565-3265A920CA1C,SC
E8F2A60B-6D2B-4189-9394-6FCC6C8CB224,0943E71F-A131-4DBA-AD5B-9B98C621A321,SC
E8F2A60B-6D2B-4189-9394-6FCC6C8CB224,095B6DD7-E5EB-47DC-AB78-AB5CB36AB82E,SC
E8F2A60B-6D2B-4189-9394-6FCC6C8CB224,0A7AFBDA-D936-4769-BC2D-3E5E5BE86008,SC
E8F2A60B-6D2B-4189-9394-6FCC6C8CB224,0A8E4A58-2761-442E-BC6B-C84AF4DBC6D6,SC
E8F2A60B-6D2B-4189-9394-6FCC6C8CB224,0AD9FB1C-EBBF-42EC-8F64-1AC44642A13B,SC
E8F2A60B-6D2B-4189-9394-6FCC6C8CB224,0B85828D-F36D-43DB-AC74-9EA7E5DFA95C,SC
E8F2A60B-6D2B-4189-9394-6FCC6C8CB224,0CEF1E11-4F49-4860-B006-AFED5AD5D414,SC
E8F2A60B-6D2B-4189-9394-6FCC6C8CB224,0EB8DE7D-33D2-4A89-9FBD-D0709E3EBB0C,SC
E8F2A60B-6D2B-4189-9394-6FCC6C8CB224,0F4D062C-71AA-4127-93E2-5960BE8D5CBC,SC
E8F2A60B-6D2B-4189-9394-6FCC6C8CB224,0FEEEDD8-8684-4CBF-BA78-09E395FC92B9,SC
E8F2A60B-6D2B-4189-9394-6FCC6C8CB224,1097C776-B7FC-4755-AA8F-3249427499A2,SC
E8F2A60B-6D2B-4189-9394-6FCC6C8CB224,10B5EC4E-2966-4BA3-9F10-DB7185599A19,SC
E8F2A60B-6D2B-4189-9394-6FCC6C8CB224,11170E95-AFE8-47D4-9A07-359172391011,SC
E8F2A60B-6D2B-4189-9394-6FCC6C8CB224,11E3B0FE-801D-4A8C-822A-C8ED68CCF555,SC
E8F2A60B-6D2B-4189-9394-6FCC6C8CB224,14D3EAD0-6381-4206-89B7-0D85B1A02691,SC
E8F2A60B-6D2B-4189-9394-6FCC6C8CB224,170334B7-CEBE-4DBD-BCFA-EC88FBD2B64E,SC
E8F2A60B-6D2B-4189-9394-6FCC6C8CB224,1AC55C5A-5941-420B-A062-8D5E04D581E4,SC
E8F2A60B-6D2B-4189-9394-6FCC6C8CB224,1EC060D5-9022-4553-B6C0-987525CFC0D9,SC
E8F2A60B-6D2B-4189-9394-6FCC6C8CB224,1FF25EBB-05D0-4EC9-AA15-F30B61BCDD03,SC
E8F2A60B-6D2B-4189-9394-6FCC6C8CB224,201B5F84-8793-486D-B3B8-2EACBDCA52D6,SC
E8F2A60B-6D2B-4189-9394-6FCC6C8CB224,2020B3E4-9D04-4F9A-A1DD-A07D10AA0D1C,SC
E8F2A60B-6D2B-4189-9394-6FCC6C8CB224,21BBB173-B72A-4DBE-BCC1-F30709C26A63,SC
E8F2A60B-6D2B-4189-9394-6FCC6C8CB224,23C5CCB9-3863-42DB-9688-17565978C5C7,SC
E8F2A60B-6D2B-4189-9394-6FCC6C8CB224,246ECF14-69D0-45A8-90F0-062EDE32F422,SC
E8F2A60B-6D2B-4189-9394-6FCC6C8CB224,26B71255-2117-4705-8A58-3D178ADABAB1,SC
E8F2A60B-6D2B-4189-9394-6FCC6C8CB224,2A86EDC4-8624-4B36-9DAA-103D11693473,SC
E8F2A60B-6D2B-4189-9394-6FCC6C8CB224,2CA7C614-60D8-4411-866F-C7EF1DB9B415,SC
E8F2A60B-6D2B-4189-9394-6FCC6C8CB224,2F12CDBF-B34F-44FB-AE61-2FD50E8EACCE,SC
E8F2A60B-6D2B-4189-9394-6FCC6C8CB224,33779B93-9827-4C3F-AD1F-9A088B6A4AB4,SC
E8F2A60B-6D2B-4189-9394-6FCC6C8CB224,3377F108-7A93-4CBF-AE3B-A1B0F79C010E,SC
E8F2A60B-6D2B-4189-9394-6FCC6C8CB224,363E776A-D53C-4299-BBC7-D33BC783376F,SC
E8F2A60B-6D2B-4189-9394-6FCC6C8CB224,376DC038-BE5E-45A1-85F9-C577A7E8E719,SC
E8F2A60B-6D2B-4189-9394-6FCC6C8CB224,395824C9-2C4B-40FB-81D9-4EB5F4126CE8,SC
E8F2A60B-6D2B-4189-9394-6FCC6C8CB224,39D54692-1D07-4056-A4C6-431EF7152DD8,SC
E8F2A60B-6D2B-4189-9394-6FCC6C8CB224,3BD0E5A9-A01D-4F80-9FD2-661D540A8B83,SC
E8F2A60B-6D2B-4189-9394-6FCC6C8CB224,3C173170-CE24-4AE7-A9C3-832EFCE2907C,SC
E8F2A60B-6D2B-4189-9394-6FCC6C8CB224,3C9CCEE3-3F59-4AE0-BFCC-6B3C15BF5202,SC
E8F2A60B-6D2B-4189-9394-6FCC6C8CB224,3E3CAD4D-EF8D-4A61-A3FE-DB87347A98BD,SC
E8F2A60B-6D2B-4189-9394-6FCC6C8CB224,3EB62675-F0D9-4A87-B498-71A312616AA0,SC
E8F2A60B-6D2B-4189-9394-6FCC6C8CB224,418B0D31-5F46-4A2A-9CE5-FE9921430394,SC
E8F2A60B-6D2B-4189-9394-6FCC6C8CB224,42D069B6-F672-4CF5-B26C-F3A23EF497E7,SC
E8F2A60B-6D2B-4189-9394-6FCC6C8CB224,43123EC4-D757-4952-A8E7-9CE04E0F6D27,SC
E8F2A60B-6D2B-4189-9394-6FCC6C8CB224,433C84FC-D050-467C-9A26-DED9E2930011,SC
E8F2A60B-6D2B-4189-9394-6FCC6C8CB224,439805AF-7E73-47E6-97FD-183EE3A161E9,SC
E8F2A60B-6D2B-4189-9394-6FCC6C8CB224,440D68E9-D990-484C-8AF7-BCE09553A68F,SC
E8F2A60B-6D2B-4189-9394-6FCC6C8CB224,4476BAFF-90CE-4BDB-80C0-8265ADE22EE3,SC
E8F2A60B-6D2B-4189-9394-6FCC6C8CB224,44A2FF17-15CF-486F-BFE3-26C38B188E94,SC
E8F2A60B-6D2B-4189-9394-6FCC6C8CB224,44EC34FC-C967-40E2-9414-076ABF87B355,SC
E8F2A60B-6D2B-4189-9394-6FCC6C8CB224,458FC5C9-2DC7-4CB0-9E8E-970DBC05EA9E,SC
E8F2A60B-6D2B-4189-9394-6FCC6C8CB224,47E95FD7-994C-46E2-8558-CF54C1EEB0E4,SC
E8F2A60B-6D2B-4189-9394-6FCC6C8CB224,4A5BBF3A-B71A-4E59-A768-BCEAAAC5DFAB,SC
E8F2A60B-6D2B-4189-9394-6FCC6C8CB224,4BAB624E-8F37-4361-BF1E-03A4F2948CB7,SC
E8F2A60B-6D2B-4189-9394-6FCC6C8CB224,4EA9FCDF-DC99-4CB1-BB48-7749E4748214,SC
E8F2A60B-6D2B-4189-9394-6FCC6C8CB224,4EC263C8-8D7C-4BAB-9225-E7D7FE6D28BC,SC
E8F2A60B-6D2B-4189-9394-6FCC6C8CB224,4F654F31-3B26-46E8-942B-01D12F584627,SC
E8F2A60B-6D2B-4189-9394-6FCC6C8CB224,50F23916-06B4-4E93-9ECA-B32B2622C754,SC
E8F2A60B-6D2B-4189-9394-6FCC6C8CB224,514F6D1C-9BA2-4FC3-BE25-B3DD322ED5E1,SC
E8F2A60B-6D2B-4189-9394-6FCC6C8CB224,5309315B-7AE0-4717-A3D1-DD86076ADE7B,SC
E8F2A60B-6D2B-4189-9394-6FCC6C8CB224,5344BAF3-2C2F-4F53-8ABB-0253EBDC4A64,SC
E8F2A60B-6D2B-4189-9394-6FCC6C8CB224,53AF704E-721F-4879-A848-48F555CDE8AC,SC
E8F2A60B-6D2B-4189-9394-6FCC6C8CB224,541CB924-030C-4ABE-BFB5-4EC612DCD09A,SC
E8F2A60B-6D2B-4189-9394-6FCC6C8CB224,54FA99BA-F0AB-416B-8815-5D3FE5185962,SC
E8F2A60B-6D2B-4189-9394-6FCC6C8CB224,550F43C3-60E1-4595-8672-E58171449155,SC
E8F2A60B-6D2B-4189-9394-6FCC6C8CB224,55AAA240-65A4-4D5E-AE3D-1F3B65D7915C,SC
E8F2A60B-6D2B-4189-9394-6FCC6C8CB224,59E7FF17-72AB-416E-ACAF-74146DA5DD59,SC
E8F2A60B-6D2B-4189-9394-6FCC6C8CB224,59E96F36-887F-41FC-9ECB-1DBF9D8DE6EC,SC
E8F2A60B-6D2B-4189-9394-6FCC6C8CB224,5A63A17C-9422-4174-945E-D6574C0E4A45,SC
E8F2A60B-6D2B-4189-9394-6FCC6C8CB224,5B0DCBC7-935E-49AA-9B60-F332FC209E2C,SC
E8F2A60B-6D2B-4189-9394-6FCC6C8CB224,5B30A524-26BC-46CB-B055-7921FB0202FC,SC
E8F2A60B-6D2B-4189-9394-6FCC6C8CB224,5E3AF527-04CA-4AEF-B932-4320BF7CE795,SC
E8F2A60B-6D2B-4189-9394-6FCC6C8CB224,629F11A0-8035-4C90-9581-4FC8FAFA0AA0,SC
E8F2A60B-6D2B-4189-9394-6FCC6C8CB224,63174C88-3042-4584-BDD0-0BBEFA0DDB49,SC
E8F2A60B-6D2B-4189-9394-6FCC6C8CB224,632ECE57-F118-45BE-8CCD-B54368F31D05,SC
E8F2A60B-6D2B-4189-9394-6FCC6C8CB224,6667F140-F419-493B-B0BC-8D4EEC1A8B59,SC
E8F2A60B-6D2B-4189-9394-6FCC6C8CB224,67110DFD-8B62-4352-9D6F-054FB8F75E4A,SC
E8F2A60B-6D2B-4189-9394-6FCC6C8CB224,6773545B-E803-4212-A465-D220846DC7E1,SC
E8F2A60B-6D2B-4189-9394-6FCC6C8CB224,6AD44124-6F40-4AAE-B114-0464F268485E,SC
E8F2A60B-6D2B-4189-9394-6FCC6C8CB224,6B86DFA3-0E5A-49E0-B099-58C71AD36DC5,SC
E8F2A60B-6D2B-4189-9394-6FCC6C8CB224,6C10B098-86D9-4F71-860D-FA15B4C8C72F,SC
E8F2A60B-6D2B-4189-9394-6FCC6C8CB224,6DD04205-D4AB-429B-9359-B441AC5F1254,SC
E8F2A60B-6D2B-4189-9394-6FCC6C8CB224,6E6888B2-29D5-420D-8878-327764F080F9,SC
E8F2A60B-6D2B-4189-9394-6FCC6C8CB224,723A53DA-EE75-4DC2-8E7C-9DF564BC98BC,SC
E8F2A60B-6D2B-4189-9394-6FCC6C8CB224,727A68BF-8B39-4680-B78F-134FF6C9A00F,SC
E8F2A60B-6D2B-4189-9394-6FCC6C8CB224,7331506C-0446-4222-AFD1-469485C91868,SC
E8F2A60B-6D2B-4189-9394-6FCC6C8CB224,74D604E4-53E8-43ED-9532-A2AB4411DC82,SC
E8F2A60B-6D2B-4189-9394-6FCC6C8CB224,762B010A-380C-4B6C-B7A3-C2F842F09225,SC
E8F2A60B-6D2B-4189-9394-6FCC6C8CB224,76EE5674-57E3-49AE-A629-F800D12D4C44,SC
E8F2A60B-6D2B-4189-9394-6FCC6C8CB224,774ECEDF-7CB4-4EE8-9611-E6AFD2A8C1E3,SC
E8F2A60B-6D2B-4189-9394-6FCC6C8CB224,78B2516E-8F26-43B1-8FE9-A6EF24DBBA2F,SC
E8F2A60B-6D2B-4189-9394-6FCC6C8CB224,7A98B25A-BDB7-4288-9011-D4ED9A00F8EA,SC
E8F2A60B-6D2B-4189-9394-6FCC6C8CB224,7C295E2C-36CF-429C-930A-2B7D96B01180,SC
E8F2A60B-6D2B-4189-9394-6FCC6C8CB224,7E1D56DD-7BAF-4642-980F-FD6ACE39C9F5,SC
E8F2A60B-6D2B-4189-9394-6FCC6C8CB224,7FF0DB3C-3CBC-43A6-B83E-A804DC29D79C,SC
E8F2A60B-6D2B-4189-9394-6FCC6C8CB224,82B2D234-FB8B-44AA-9AF3-11AF85EBDF69,SC
E8F2A60B-6D2B-4189-9394-6FCC6C8CB224,845B78E7-2746-44F0-ACD4-09DDB9CFDE75,SC
E8F2A60B-6D2B-4189-9394-6FCC6C8CB224,88364672-0969-49C4-8102-E38EB930CCB9,SC
E8F2A60B-6D2B-4189-9394-6FCC6C8CB224,88E3AB0F-E222-4ABB-943B-FE07FE44FA98,SC
E8F2A60B-6D2B-4189-9394-6FCC6C8CB224,8A76AFD4-3CB0-4D70-9552-54AE7467EB27,SC
E8F2A60B-6D2B-4189-9394-6FCC6C8CB224,8C95E453-30B6-4137-852A-4060E1193FAB,SC
E8F2A60B-6D2B-4189-9394-6FCC6C8CB224,8D1E0AEF-0843-4CFA-960D-F06FBAB5ED4C,SC
E8F2A60B-6D2B-4189-9394-6FCC6C8CB224,8E8ECF06-445D-4A0E-A888-A0902A33E372,SC
E8F2A60B-6D2B-4189-9394-6FCC6C8CB224,92C2E862-0B77-4ED3-8F8B-37B36A7CD9C9,SC
E8F2A60B-6D2B-4189-9394-6FCC6C8CB224,954F595D-F40D-4435-9D9A-174E44E10F32,SC
E8F2A60B-6D2B-4189-9394-6FCC6C8CB224,95C2F859-9684-4E38-8ACB-808F7A76F7F9,SC
E8F2A60B-6D2B-4189-9394-6FCC6C8CB224,98074729-8125-4F9A-BD3C-D8155C77E5B8,SC
E8F2A60B-6D2B-4189-9394-6FCC6C8CB224,98DE76E0-2FF7-410D-AA4D-0106E77C291B,SC
E8F2A60B-6D2B-4189-9394-6FCC6C8CB224,9ACA17C3-7D0C-44EA-981A-8E8541D8A146,SC
E8F2A60B-6D2B-4189-9394-6FCC6C8CB224,9B13934B-1738-4B01-B3A5-74F803A0AFB8,SC
E8F2A60B-6D2B-4189-9394-6FCC6C8CB224,9C29EACB-4A26-4F66-A9A2-6620C4697343,SC
E8F2A60B-6D2B-4189-9394-6FCC6C8CB224,9CA18D8E-5831-46BD-A269-7CA4FDC60E48,SC
E8F2A60B-6D2B-4189-9394-6FCC6C8CB224,9F9A40E9-5644-4550-BD44-0FE59F251AFB,SC
E8F2A60B-6D2B-4189-9394-6FCC6C8CB224,9FB0336B-6DB7-4171-93A9-B953C1BC8201,SC
E8F2A60B-6D2B-4189-9394-6FCC6C8CB224,9FF3BFC3-4CA2-4A39-BC41-ECADDB5F4A7A,SC
E8F2A60B-6D2B-4189-9394-6FCC6C8CB224,A24749EE-A0B6-4D6B-885F-8A5F8F665BF8,SC
E8F2A60B-6D2B-4189-9394-6FCC6C8CB224,A6576F9C-2AE5-4A76-8072-C1F588EBD4CD,SC
E8F2A60B-6D2B-4189-9394-6FCC6C8CB224,A6911AA5-EE80-4A0B-AFC3-E67D5A74A4F7,SC
E8F2A60B-6D2B-4189-9394-6FCC6C8CB224,A94E4C79-82F6-4DB9-A523-06327C981695,SC
E8F2A60B-6D2B-4189-9394-6FCC6C8CB224,AA3831B4-2835-4A98-8319-0586B1182324,SC
E8F2A60B-6D2B-4189-9394-6FCC6C8CB224,ACD1F8C8-7A8C-4FE0-BD78-1E31D49625AF,SC
E8F2A60B-6D2B-4189-9394-6FCC6C8CB224,AD6AFA21-E14A-448C-A972-738CA4304272,SC
E8F2A60B-6D2B-4189-9394-6FCC6C8CB224,AE9D9D27-974C-40B4-816C-8309423156B9,SC
E8F2A60B-6D2B-4189-9394-6FCC6C8CB224,B1274A6A-3AF5-4AC6-BD6A-FA1E75EBBE06,SC
E8F2A60B-6D2B-4189-9394-6FCC6C8CB224,B361B6E5-34C5-492C-B0E2-34C8B4E5AA46,SC
E8F2A60B-6D2B-4189-9394-6FCC6C8CB224,B4011071-BA95-4C15-9156-86EA35003B6E,SC
E8F2A60B-6D2B-4189-9394-6FCC6C8CB224,B425359C-AB71-4EF5-8467-5074DDC567FC,SC
E8F2A60B-6D2B-4189-9394-6FCC6C8CB224,B42C2DDE-BC2F-4D88-BA22-9EEB5EFCD4AC,SC
E8F2A60B-6D2B-4189-9394-6FCC6C8CB224,B5E46CCF-1B4E-46AB-A5C6-0ABFD0E78A9A,SC
E8F2A60B-6D2B-4189-9394-6FCC6C8CB224,BC95CB07-F25D-4FBE-A76B-FD45B4E6658D,SC
E8F2A60B-6D2B-4189-9394-6FCC6C8CB224,BE600CC3-0238-4DF3-A093-E29FDCA584BF,SC
E8F2A60B-6D2B-4189-9394-6FCC6C8CB224,BE93D72E-CE75-4180-806A-C074D581F682,SC
E8F2A60B-6D2B-4189-9394-6FCC6C8CB224,BEF60360-BC47-493C-AEB6-5FDA5282538D,SC
E8F2A60B-6D2B-4189-9394-6FCC6C8CB224,C10D8ECB-563A-4951-85E5-4D51E25D7E16,SC
E8F2A60B-6D2B-4189-9394-6FCC6C8CB224,C124AD39-C540-4581-A654-CC5F959A6931,SC
E8F2A60B-6D2B-4189-9394-6FCC6C8CB224,C1521255-4420-49A8-8918-81C9977AB091,SC
E8F2A60B-6D2B-4189-9394-6FCC6C8CB224,C1BECF8A-9664-4739-A21D-9AD60476DECB,SC
E8F2A60B-6D2B-4189-9394-6FCC6C8CB224,C54DBC18-8F85-4EE6-8AD3-8A99A9BFAD90,SC
E8F2A60B-6D2B-4189-9394-6FCC6C8CB224,C566E2CA-03D0-439C-9A9B-3E3927209507,SC
E8F2A60B-6D2B-4189-9394-6FCC6C8CB224,C5B156E5-C1C1-46E0-96AF-75C81BE7FC1A,SC
E8F2A60B-6D2B-4189-9394-6FCC6C8CB224,C7460D99-AF1C-4302-B6CE-98CCA5F7219D,SC
E8F2A60B-6D2B-4189-9394-6FCC6C8CB224,CBAE04A9-88AF-4BDF-9440-BF79ADAB227D,SC
E8F2A60B-6D2B-4189-9394-6FCC6C8CB224,CC43428B-9C2C-4308-9AD3-6E2EBB65544C,SC
E8F2A60B-6D2B-4189-9394-6FCC6C8CB224,CDD5EACF-9AA5-4864-BF4C-DE7339BFE9C5,SC
E8F2A60B-6D2B-4189-9394-6FCC6C8CB224,D05FE796-09D0-4126-B4DE-2B6C1ECF8078,SC
E8F2A60B-6D2B-4189-9394-6FCC6C8CB224,D39C7071-FF0A-4FA4-9783-CAEC2C1826C7,SC
E8F2A60B-6D2B-4189-9394-6FCC6C8CB224,D3AEB2EE-92A0-4BDD-B071-56D028689733,SC
E8F2A60B-6D2B-4189-9394-6FCC6C8CB224,D4A9229E-B456-4276-991C-073EE484B0DC,SC
E8F2A60B-6D2B-4189-9394-6FCC6C8CB224,D4B97428-0E05-4E79-9E6D-E89A58FB257E,SC
E8F2A60B-6D2B-4189-9394-6FCC6C8CB224,D57C20BA-D6EA-4A10-8A91-94709E6D8F96,SC
E8F2A60B-6D2B-4189-9394-6FCC6C8CB224,D7B1B069-2CD5-43C7-9BF0-DD55B7105A86,SC
E8F2A60B-6D2B-4189-9394-6FCC6C8CB224,D909DDAE-BD6E-4A37-922B-F1EF3C365916,SC
E8F2A60B-6D2B-4189-9394-6FCC6C8CB224,DC2FB913-373F-485B-BF7D-C77DB32A229B,SC
E8F2A60B-6D2B-4189-9394-6FCC6C8CB224,DD11003C-F6F9-472B-9828-1BDB82760DD5,SC
E8F2A60B-6D2B-4189-9394-6FCC6C8CB224,DD20D6D8-34B1-4AC7-83EB-4A9FD2879090,SC
E8F2A60B-6D2B-4189-9394-6FCC6C8CB224,DEC5CE6D-4DB1-4555-A647-EDAEE5ADB3B4,SC
E8F2A60B-6D2B-4189-9394-6FCC6C8CB224,E331ABFA-5740-4374-B7D1-9BBC51B2B1DF,SC
E8F2A60B-6D2B-4189-9394-6FCC6C8CB224,E398D514-8F2A-40FC-B7EF-D72EC9FBDAD5,SC
E8F2A60B-6D2B-4189-9394-6FCC6C8CB224,E4E4F5B8-49C8-4A8D-92F6-3FE8165B09CC,SC
E8F2A60B-6D2B-4189-9394-6FCC6C8CB224,E503DB08-2CBD-42D8-8C2A-A44D8573FBD1,SC
E8F2A60B-6D2B-4189-9394-6FCC6C8CB224,E6148C0B-6227-42DE-8228-59D8768717FD,SC
E8F2A60B-6D2B-4189-9394-6FCC6C8CB224,E68EED58-56CA-4A28-B87B-34F76BFDF1D7,SC
E8F2A60B-6D2B-4189-9394-6FCC6C8CB224,E6DAA04C-D478-411B-A907-43D43375DFDC,SC
E8F2A60B-6D2B-4189-9394-6FCC6C8CB224,E904E066-6AC9-440F-9714-5AEC80FFD58E,SC
E8F2A60B-6D2B-4189-9394-6FCC6C8CB224,E93365B7-A206-4F07-9C83-1C7A8A254778,SC
E8F2A60B-6D2B-4189-9394-6FCC6C8CB224,EA223105-BBDD-4C83-A520-4942414661B0,SC
E8F2A60B-6D2B-4189-9394-6FCC6C8CB224,EAC26B7E-D594-4E5A-AA8E-55A6BA985BAD,SC
E8F2A60B-6D2B-4189-9394-6FCC6C8CB224,EC2E7E47-1783-45AA-A483-FCE0F141874C,SC
E8F2A60B-6D2B-4189-9394-6FCC6C8CB224,EED36261-4429-43D7-A6FE-0C86F6306F0D,SC
E8F2A60B-6D2B-4189-9394-6FCC6C8CB224,EEE1A88E-86D2-45CD-B1A5-E5786F6E6974,SC
E8F2A60B-6D2B-4189-9394-6FCC6C8CB224,EF5AFB9F-C49F-4BF9-8810-268EED41D9C6,SC
E8F2A60B-6D2B-4189-9394-6FCC6C8CB224,F07EA6C2-F878-47E6-B02C-DE54571414D6,SC
E8F2A60B-6D2B-4189-9394-6FCC6C8CB224,F0A1F222-D63B-4D15-B828-9F98138E1B49,SC
E8F2A60B-6D2B-4189-9394-6FCC6C8CB224,F3003B19-7CA4-4D80-84BE-F24E3D54C0FA,SC
E8F2A60B-6D2B-4189-9394-6FCC6C8CB224,F54FDF9A-C190-4D1C-8042-30CDB8858EE4,SC
E8F2A60B-6D2B-4189-9394-6FCC6C8CB224,F5A2C032-46CE-4593-B47F-C31D4F4DAF6C,SC
E8F2A60B-6D2B-4189-9394-6FCC6C8CB224,F6F4BFC9-A643-4D3F-AC43-641A4A911374,SC
E8F2A60B-6D2B-4189-9394-6FCC6C8CB224,F78CA395-86C6-4536-B59A-798DAA7355A8,SC
E8F2A60B-6D2B-4189-9394-6FCC6C8CB224,FA752EDC-A9AE-47DA-A013-641168C7B8C0,SC
E8F2A60B-6D2B-4189-9394-6FCC6C8CB224,FAE2CFA4-C3B1-4B29-A1D8-2643FBE1A7CE,SC
E8F2A60B-6D2B-4189-9394-6FCC6C8CB224,FCA5023E-75D9-427D-83DF-0C96CA03118E,SC
E8F2A60B-6D2B-4189-9394-6FCC6C8CB224,FD0C8CB8-ACDB-493B-B42B-1739045399D8,SC
E8F2A60B-6D2B-4189-9394-6FCC6C8CB224,FE288626-CBBE-4F1D-BB35-FF0DE0961DCB,SC
EA37FC28-C93D-41C2-921F-67641AF91FC8,35B1B86F-1BA1-4075-9984-BD10C53249B2,ZC
EA37FC28-C93D-41C2-921F-67641AF91FC8,39ADD145-1AD7-45D1-AA8E-A2FAFA08E722,ZC
EA37FC28-C93D-41C2-921F-67641AF91FC8,91A911C6-DE29-422D-AF26-4E55D5AC7B58,ZC
EA37FC28-C93D-41C2-921F-67641AF91FC8,B7F2FF74-1081-4FD3-98CD-983BE3059F0B,ZC
F414BE72-5A73-40F8-B177-A11FEA5D3F74,B9DF5AEE-CC89-419B-8871-AACB10E30546,CP
F77F4A68-0FC4-4A7F-8FBF-7D09C2309DB8,092BB820-C1E0-4D17-AD91-AB76235F0FB7,KN
F77F4A68-0FC4-4A7F-8FBF-7D09C2309DB8,2315FE39-C5A6-488F-AF6C-9EAF36BD40F5,KN
F77F4A68-0FC4-4A7F-8FBF-7D09C2309DB8,AD57E95B-933C-4322-AD0B-9AD70429719E,KN
F77F4A68-0FC4-4A7F-8FBF-7D09C2309DB8,E29A8248-CC41-4FB6-8433-EA037334F488,KN
F8FEFEFE-425F-416A-BA27-A340E62BCF02,07481EB3-438B-4870-B41C-F5BB9C1880B6,RB
F8FEFEFE-425F-416A-BA27-A340E62BCF02,255B5DF1-C528-4BF0-96BF-AB7489A5934C,RB
F8FEFEFE-425F-416A-BA27-A340E62BCF02,2E4DB717-B70C-49AE-92B4-ECC622E23FDD,RB
F8FEFEFE-425F-416A-BA27-A340E62BCF02,31B302FF-F172-46E7-B7BA-C7E2F424FD45,RB
F8FEFEFE-425F-416A-BA27-A340E62BCF02,4373C751-470C-4222-98A0-4345DBDA8447,RB
F8FEFEFE-425F-416A-BA27-A340E62BCF02,4B63B7C6-C2C9-4B8D-AF84-07C8619D3B1F,RB
F8FEFEFE-425F-416A-BA27-A340E62BCF02,5CA28314-C844-4D58-8219-28F3BD18C251,RB
F8FEFEFE-425F-416A-BA27-A340E62BCF02,633639BC-D427-4994-92FB-4FC4C0DE3AA3,RB
F8FEFEFE-425F-416A-BA27-A340E62BCF02,66602037-3BC7-4FEB-B45B-EE26170CE44D,RB
F8FEFEFE-425F-416A-BA27-A340E62BCF02,679663A1-4B3D-43DE-8C26-FF1204E26CE5,RB
F8FEFEFE-425F-416A-BA27-A340E62BCF02,6E404302-CA58-4FB6-BF1A-D79FB2F2876E,RB
F8FEFEFE-425F-416A-BA27-A340E62BCF02,74C2F8DC-A931-4C76-9439-B29CED318146,RB
F8FEFEFE-425F-416A-BA27-A340E62BCF02,74DAF057-2B8F-4162-BB1D-531D3FA73A94,RB
F8FEFEFE-425F-416A-BA27-A340E62BCF02,7D604B58-4DC0-42B7-BD7A-2F03367FAAE1,RB
F8FEFEFE-425F-416A-BA27-A340E62BCF02,7F7EE4A4-E61E-4F32-B6A4-7E4E7E693157,RB
F8FEFEFE-425F-416A-BA27-A340E62BCF02,868C7A17-A3F9-46A0-8362-58F2F055E051,RB
F8FEFEFE-425F-416A-BA27-A340E62BCF02,8E026DFD-DC5D-4DFF-9446-8389A6F622A2,RB
F8FEFEFE-425F-416A-BA27-A340E62BCF02,939751BC-1F61-470C-A4D7-845C6D6BF30C,RB
F8FEFEFE-425F-416A-BA27-A340E62BCF02,93E2AA3C-78BE-4CDD-9B4E-7C168F535728,RB
F8FEFEFE-425F-416A-BA27-A340E62BCF02,ADFD2592-7368-4500-9A0C-44EFB569A098,RB
F8FEFEFE-425F-416A-BA27-A340E62BCF02,B2CEE875-D648-4617-9E94-BC0EEB94859B,RB
F8FEFEFE-425F-416A-BA27-A340E62BCF02,B4271664-18E8-483E-9056-6F2320DC1D9E,RB
F8FEFEFE-425F-416A-BA27-A340E62BCF02,B534934E-1293-4111-9B59-D5E856AA1A4E,RB
F8FEFEFE-425F-416A-BA27-A340E62BCF02,BA4C8CB0-0E05-42D6-8150-7A3E3C5150AC,RB
F8FEFEFE-425F-416A-BA27-A340E62BCF02,BD6C1EDD-8BBC-455A-A349-0180A6493973,RB
F8FEFEFE-425F-416A-BA27-A340E62BCF02,C8118FE7-7A61-4C73-8B15-60A7642523B5,RB
F8FEFEFE-425F-416A-BA27-A340E62BCF02,D744C6D9-7A1E-4824-BDFC-03B192399650,RB
F8FEFEFE-425F-416A-BA27-A340E62BCF02,D95A185F-105F-47C1-B63F-7A4D01D6DE45,RB
F8FEFEFE-425F-416A-BA27-A340E62BCF02,E8D06C03-622A-4BBD-8944-588A88A4779F,RB
F8FEFEFE-425F-416A-BA27-A340E62BCF02,F499D3C8-C673-4219-8453-C398F0A59D6E,RB
F8FEFEFE-425F-416A-BA27-A340E62BCF02,FB558EFB-65E4-411A-AF01-C3A03272900D,RB
F8FEFEFE-425F-416A-BA27-A340E62BCF02,FFBC75F5-3CDB-48B5-8A98-DEE61AA1B0BF,RB

(1139 rows affected)


Completion time: 2026-01-27T14:05:26.2831995+01:00
